a√±o,ccz,est,se,cv,quintil
2009,CCZ01,"16,9066419","1,677906539","9,9",Q1
2009,CCZ01,"16,31444496","1,424192244","8,7",Q2
2009,CCZ01,"22,2248026","1,5102631","6,8",Q3
2009,CCZ01,"25,23223409","1,686147667","6,7",Q4
2009,CCZ01,"19,32187645","1,669451735","8,6",Q5
2010,CCZ01,"13,37272675","1,483500598","11,1",Q1
2010,CCZ01,"21,05444323","1,758314834","8,4",Q2
2010,CCZ01,"20,704492","1,652157515",8,Q3
2010,CCZ01,"22,73535655","1,657148314","7,3",Q4
2010,CCZ01,"22,13298147","1,786011251","8,1",Q5
2011,CCZ01,"13,91410444","1,56846891","11,3",Q1
2011,CCZ01,"20,01464129","1,498760544","7,5",Q2
2011,CCZ01,"21,18106393","1,53888771","7,3",Q3
2011,CCZ01,"23,38701806","1,836172576","7,9",Q4
2011,CCZ01,"21,50317228","2,127561678","9,9",Q5
2012,CCZ01,"15,11182991","1,343338699","8,9",Q1
2012,CCZ01,"20,25955584","1,290784054","6,4",Q2
2012,CCZ01,"21,30487949","1,372145793","6,4",Q3
2012,CCZ01,"22,20030768","1,408111704","6,3",Q4
2012,CCZ01,"21,12342708","1,670777434","7,9",Q5
2013,CCZ01,"11,32120206","1,364395826","12,1",Q1
2013,CCZ01,"16,14604943","1,562742813","9,7",Q2
2013,CCZ01,"20,85235019","1,624157853","7,8",Q3
2013,CCZ01,"28,39191512","1,84131019","6,5",Q4
2013,CCZ01,"23,2884832","2,266928559","9,7",Q5
2014,CCZ01,"15,86848095","1,551966433","9,8",Q1
2014,CCZ01,"16,71105515","1,483419213","8,9",Q2
2014,CCZ01,"20,19756912","1,394224946","6,9",Q3
2014,CCZ01,"25,23364486","1,55772678","6,2",Q4
2014,CCZ01,"21,98924992","2,102164264","9,6",Q5
2015,CCZ01,"10,58096981","1,208793749","11,4",Q1
2015,CCZ01,"18,66880146","1,4217949","7,6",Q2
2015,CCZ01,"21,59194876","1,400290994","6,5",Q3
2015,CCZ01,"24,06678866","1,43536584",6,Q4
2015,CCZ01,"25,09149131","1,918000611","7,6",Q5
2016,CCZ01,"18,03099859","1,97262424","10,9",Q1
2016,CCZ01,"17,43557111","1,766660528","10,1",Q2
2016,CCZ01,"21,20358166","1,615112429","7,6",Q3
2016,CCZ01,"22,65351575","1,940469522","8,6",Q4
2016,CCZ01,"20,67633289","2,617207347","12,7",Q5
2017,CCZ01,"17,46414574","1,70861307","9,8",Q1
2017,CCZ01,"20,48322495","1,349237135","6,6",Q2
2017,CCZ01,"21,24553168","1,417068994","6,7",Q3
2017,CCZ01,"20,18605452","1,589949401","7,9",Q4
2017,CCZ01,"20,62104311","1,724151107","8,4",Q5
2018,CCZ01,"14,90997112","1,467915017","9,8",Q1
2018,CCZ01,"20,23951079","1,508139389","7,5",Q2
2018,CCZ01,"23,26312213","1,699843013","7,3",Q3
2018,CCZ01,"21,16103278","1,591203514","7,5",Q4
2018,CCZ01,"20,42636317","2,021435324","9,9",Q5
2019,CCZ01,"15,10546421","1,536870772","10,2",Q1
2019,CCZ01,"17,73791729","1,635213115","9,2",Q2
2019,CCZ01,"22,01461551","1,546403901",7,Q3
2019,CCZ01,"23,08586614","1,528483371","6,6",Q4
2019,CCZ01,"22,05613685","2,063964801","9,4",Q5
2022,CCZ01,"11,26916868","2,041477122","18,1",Q1
2022,CCZ01,"15,94027441","1,958331695","12,3",Q2
2022,CCZ01,"16,95419693","2,043641956","12,1",Q3
2022,CCZ01,"29,29782082","2,234624345","7,6",Q4
2022,CCZ01,"26,53853914","3,028786926","11,4",Q5
2009,CCZ02,"11,6925029","0,8701949177","7,4",Q1
2009,CCZ02,"17,17603575","1,050985158","6,1",Q2
2009,CCZ02,"20,08605947","1,023584476","5,1",Q3
2009,CCZ02,"23,07331605","1,143401886",5,Q4
2009,CCZ02,"27,97208584","1,32488646","4,7",Q5
2010,CCZ02,"10,80240466","0,9074065201","8,4",Q1
2010,CCZ02,"16,6260474","1,064470241","6,4",Q2
2010,CCZ02,"21,70461667","1,049483608","4,8",Q3
2010,CCZ02,"24,67330502","1,278914697","5,2",Q4
2010,CCZ02,"26,19362626","1,42076639","5,4",Q5
2011,CCZ02,"10,45865184","0,8810809898","8,4",Q1
2011,CCZ02,"17,23612076","1,100027316","6,4",Q2
2011,CCZ02,"21,97127635","1,122748808","5,1",Q3
2011,CCZ02,"24,62551154","1,162316066","4,7",Q4
2011,CCZ02,"25,7084395","1,381843283","5,4",Q5
2012,CCZ02,"11,99271045","1,02625611","8,6",Q1
2012,CCZ02,"17,70052102","1,146738955","6,5",Q2
2012,CCZ02,"20,73082405","1,119405239","5,4",Q3
2012,CCZ02,"23,81486414","1,180041146",5,Q4
2012,CCZ02,"25,76108035","1,44734352","5,6",Q5
2013,CCZ02,"11,5869929","0,8101906182",7,Q1
2013,CCZ02,"17,40988648","0,9589039551","5,5",Q2
2013,CCZ02,"21,77423002","1,008343704","4,6",Q3
2013,CCZ02,"23,89760753","1,057255451","4,4",Q4
2013,CCZ02,"25,33128307","1,296266732","5,1",Q5
2014,CCZ02,"13,29448697","0,9620070882","7,2",Q1
2014,CCZ02,"17,8807947","1,049476625","5,9",Q2
2014,CCZ02,"21,10819644","1,134722294","5,4",Q3
2014,CCZ02,"22,94013933","1,081606587","4,7",Q4
2014,CCZ02,"24,77638256","1,246838081",5,Q5
2015,CCZ02,"13,60589963","1,039144979","7,6",Q1
2015,CCZ02,"19,09757246","0,9972914494","5,2",Q2
2015,CCZ02,"20,28780849","1,057981677","5,2",Q3
2015,CCZ02,"24,5556228","1,115114591","4,5",Q4
2015,CCZ02,"22,45309663","1,28788446","5,7",Q5
2016,CCZ02,"13,65243548","1,409704235","10,3",Q1
2016,CCZ02,"19,16723838","1,094408961","5,7",Q2
2016,CCZ02,"21,46551269","1,153025955","5,4",Q3
2016,CCZ02,"23,13314687","1,246507375","5,4",Q4
2016,CCZ02,"22,58166658","1,59563854","7,1",Q5
2017,CCZ02,"14,37820749","1,064410336","7,4",Q1
2017,CCZ02,"20,37417986","1,117288512","5,5",Q2
2017,CCZ02,"20,79426604","1,078942024","5,2",Q3
2017,CCZ02,"23,25198675","1,151571668",5,Q4
2017,CCZ02,"21,20135987","1,405040841","6,6",Q5
2018,CCZ02,"14,85331814","1,121801139","7,6",Q1
2018,CCZ02,"17,80594323","1,121851332","6,3",Q2
2018,CCZ02,"19,81391816","1,181782953",6,Q3
2018,CCZ02,"22,63362765","1,275903349","5,6",Q4
2018,CCZ02,"24,89319282","1,578732336","6,3",Q5
2019,CCZ02,"13,39671975","1,009475906","7,5",Q1
2019,CCZ02,"18,72830996","1,211583632","6,5",Q2
2019,CCZ02,"21,3857856","1,129933076","5,3",Q3
2019,CCZ02,"21,79700499","1,189528712","5,5",Q4
2019,CCZ02,"24,6921797","1,415277215","5,7",Q5
2022,CCZ02,"17,2340204","1,827435071","10,6",Q1
2022,CCZ02,"17,43701853","1,681554885","9,6",Q2
2022,CCZ02,"21,6817614","1,690365442","7,8",Q3
2022,CCZ02,"21,45273787","1,757937196","8,2",Q4
2022,CCZ02,"22,19446179","2,394176216","10,8",Q5
2009,CCZ03,"13,26663644","1,065973528",8,Q1
2009,CCZ03,"20,57306428","1,153625227","5,6",Q2
2009,CCZ03,"25,1672146","1,229714522","4,9",Q3
2009,CCZ03,"22,21970298","1,211534903","5,5",Q4
2009,CCZ03,"18,7733817","1,108935252","5,9",Q5
2010,CCZ03,"14,10874911","1,190381038","8,4",Q1
2010,CCZ03,"19,70182701","1,271808585","6,5",Q2
2010,CCZ03,"21,49459989","1,171783384","5,5",Q3
2010,CCZ03,"23,60173052","1,37889765","5,8",Q4
2010,CCZ03,"21,09309347","1,449759016","6,9",Q5
2011,CCZ03,"13,09178234","0,9459025545","7,2",Q1
2011,CCZ03,"19,74455059","1,203784932","6,1",Q2
2011,CCZ03,"20,34622895","1,070018194","5,3",Q3
2011,CCZ03,"26,61898981","1,173549478","4,4",Q4
2011,CCZ03,"20,1984483","1,303169094","6,5",Q5
2012,CCZ03,"16,10507246","1,180106025","7,3",Q1
2012,CCZ03,"20,79710145","1,240265529",6,Q2
2012,CCZ03,"21,86896135","1,188169146","5,4",Q3
2012,CCZ03,"22,59359903","1,184623699","5,2",Q4
2012,CCZ03,"18,6352657","1,445107249","7,8",Q5
2013,CCZ03,"14,13954598","1,011982479","7,2",Q1
2013,CCZ03,"17,7549742","1,12602628","6,3",Q2
2013,CCZ03,"22,20564985","1,327535515",6,Q3
2013,CCZ03,"24,45186887","1,219100955",5,Q4
2013,CCZ03,"21,4479611","1,310570415","6,1",Q5
2014,CCZ03,"15,04986142","1,223316172","8,1",Q1
2014,CCZ03,"21,92187902","1,201717969","5,5",Q2
2014,CCZ03,"20,73034832","1,19833148","5,8",Q3
2014,CCZ03,"23,60488042","1,297036105","5,5",Q4
2014,CCZ03,"18,69303083","1,300961029",7,Q5
2015,CCZ03,"15,56872447","1,165428676","7,5",Q1
2015,CCZ03,"20,60008055","1,223000456","5,9",Q2
2015,CCZ03,"21,39980438","1,236625933","5,8",Q3
2015,CCZ03,"23,26966227","1,279686671","5,5",Q4
2015,CCZ03,"19,16172832","1,299847181","6,8",Q5
2016,CCZ03,"15,90667503","1,446130064","9,1",Q1
2016,CCZ03,"18,55597045","1,346461566","7,3",Q2
2016,CCZ03,"21,70132737","1,303677781",6,Q3
2016,CCZ03,"25,00749543","1,481768634","5,9",Q4
2016,CCZ03,"18,82853171","1,291838166","6,9",Q5
2017,CCZ03,"14,55238095","1,191459897","8,2",Q1
2017,CCZ03,"19,96190476","1,269249226","6,4",Q2
2017,CCZ03,"21,57655678","1,237994651","5,7",Q3
2017,CCZ03,"24,52454212","1,342176259","5,5",Q4
2017,CCZ03,"19,38461538","1,472971318","7,6",Q5
2018,CCZ03,"16,27663852","1,210573925","7,4",Q1
2018,CCZ03,"19,08591342","1,154621901",6,Q2
2018,CCZ03,"20,7854175","1,17321343","5,6",Q3
2018,CCZ03,"24,74199169","1,343131642","5,4",Q4
2018,CCZ03,"19,11003887","1,33924067",7,Q5
2019,CCZ03,"14,09322758","1,259328248","8,9",Q1
2019,CCZ03,"18,50694342","1,264519805","6,8",Q2
2019,CCZ03,"21,35802105","1,198346958","5,6",Q3
2019,CCZ03,"25,89556859","1,509978451","5,8",Q4
2019,CCZ03,"20,14623935","1,479714441","7,3",Q5
2022,CCZ03,"14,18143208","1,38948121","9,8",Q1
2022,CCZ03,"20,9547194","1,721348406","8,2",Q2
2022,CCZ03,"20,50788595","1,558070702","7,6",Q3
2022,CCZ03,"22,35052094","1,708887616","7,6",Q4
2022,CCZ03,"22,00544164","1,936797863","8,8",Q5
2009,CCZ04,"8,563951587","1,093091662","12,8",Q1
2009,CCZ04,"13,44455348","1,395790066","10,4",Q2
2009,CCZ04,"21,22342166","1,639149981","7,7",Q3
2009,CCZ04,"27,49100425","1,971858591","7,2",Q4
2009,CCZ04,"29,27706902","1,83945276","6,3",Q5
2010,CCZ04,"8,895594448","1,340499878","15,1",Q1
2010,CCZ04,"14,9969825","1,555918874","10,4",Q2
2010,CCZ04,"22,55884128","2,159129743","9,6",Q3
2010,CCZ04,"26,22812311","2,012657529","7,7",Q4
2010,CCZ04,"27,32045866","2,280438241","8,3",Q5
2011,CCZ04,"9,013272411","1,351304841",15,Q1
2011,CCZ04,"15,8181027","1,737773204",11,Q2
2011,CCZ04,"20,88228895","1,741599345","8,3",Q3
2011,CCZ04,"22,75348129","1,929591982","8,5",Q4
2011,CCZ04,"31,53285466","2,414515756","7,7",Q5
2012,CCZ04,"9,033744241","1,253006142","13,9",Q1
2012,CCZ04,"15,45262109","1,638290976","10,6",Q2
2012,CCZ04,"17,98032624","1,620748636",9,Q3
2012,CCZ04,"23,31590088","1,873637379",8,Q4
2012,CCZ04,"34,21740755","2,477478109","7,2",Q5
2013,CCZ04,"9,667475569","1,26206312","13,1",Q1
2013,CCZ04,"15,41286811","1,434228982","9,3",Q2
2013,CCZ04,"17,76742966","1,749189894","9,8",Q3
2013,CCZ04,"27,95959861","1,917452023","6,9",Q4
2013,CCZ04,"29,19262806","2,233718889","7,7",Q5
2014,CCZ04,"11,3568017","1,35655737","11,9",Q1
2014,CCZ04,"16,10944042","1,384225765","8,6",Q2
2014,CCZ04,"20,30780117","1,818834953",9,Q3
2014,CCZ04,"22,34211923","1,762884005","7,9",Q4
2014,CCZ04,"29,88383749","2,28582068","7,6",Q5
2015,CCZ04,"13,20052253","1,459080803","11,1",Q1
2015,CCZ04,"17,0019595","1,584694762","9,3",Q2
2015,CCZ04,"19,06596995","1,613141343","8,5",Q3
2015,CCZ04,"22,00522534","1,771405817",8,Q4
2015,CCZ04,"28,72632266","2,175626521","7,6",Q5
2016,CCZ04,"11,1391796","1,233645734","11,1",Q1
2016,CCZ04,"15,49981956","2,148776165","13,9",Q2
2016,CCZ04,"20,16119331","1,543824763","7,7",Q3
2016,CCZ04,"24,32334897","1,688921953","6,9",Q4
2016,CCZ04,"28,87645856","3,221513228","11,2",Q5
2017,CCZ04,"8,772370487","1,294688873","14,8",Q1
2017,CCZ04,"17,36263736","1,769395114","10,2",Q2
2017,CCZ04,"19,59183673","1,785749513","9,1",Q3
2017,CCZ04,"24,01255887","1,85597257","7,7",Q4
2017,CCZ04,"30,26059655","2,329394128","7,7",Q5
2018,CCZ04,"10,3491585","1,530728118","14,8",Q1
2018,CCZ04,"14,53152474","1,613541858","11,1",Q2
2018,CCZ04,"17,99171063","1,510575702","8,4",Q3
2018,CCZ04,"27,40517458","2,202626484",8,Q4
2018,CCZ04,"29,72243155","2,590589011","8,7",Q5
2019,CCZ04,"13,46056941","1,719609945","12,8",Q1
2019,CCZ04,"15,06046863","1,612296944","10,7",Q2
2019,CCZ04,"19,5074326","2,076060972","10,6",Q3
2019,CCZ04,"23,65205341","2,013300553","8,5",Q4
2019,CCZ04,"28,31947594","2,232029576","7,9",Q5
2022,CCZ04,"9,634581508","1,574793766","16,3",Q1
2022,CCZ04,"13,21197886","1,960169372","14,8",Q2
2022,CCZ04,"20,72812683","2,405566164","11,6",Q3
2022,CCZ04,"20,14996161","1,973796032","9,8",Q4
2022,CCZ04,"36,27535119","3,826987405","10,5",Q5
2009,CCZ05,"4,448542973","0,489118059",11,Q1
2009,CCZ05,"9,034796508","0,6539038235","7,2",Q2
2009,CCZ05,"16,22279602","0,8584382942","5,3",Q3
2009,CCZ05,"24,16328538","1,030462863","4,3",Q4
2009,CCZ05,"46,13057912","1,346883545","2,9",Q5
2010,CCZ05,"4,244560542","0,5331126321","12,6",Q1
2010,CCZ05,"9,899078911","0,8047955387","8,1",Q2
2010,CCZ05,"14,51711043","0,9091651942","6,3",Q3
2010,CCZ05,"24,53998028","1,00739253","4,1",Q4
2010,CCZ05,"46,79926984","1,512073688","3,2",Q5
2011,CCZ05,"5,486432248","0,5382134679","9,8",Q1
2011,CCZ05,"10,01483291","0,731831532","7,3",Q2
2011,CCZ05,"16,30049734","0,9510616519","5,8",Q3
2011,CCZ05,"23,41156967","0,8674618013","3,7",Q4
2011,CCZ05,"44,78666783","1,390490078","3,1",Q5
2012,CCZ05,"5,015169718","0,5289353726","10,5",Q1
2012,CCZ05,"11,64504897","0,837271573","7,2",Q2
2012,CCZ05,"16,78442711","0,792557174","4,7",Q3
2012,CCZ05,"22,46950785","0,9559037021","4,3",Q4
2012,CCZ05,"44,08584635","1,496146495","3,4",Q5
2013,CCZ05,"5,715178588","0,6033292652","10,6",Q1
2013,CCZ05,"10,63438666","0,7064412075","6,6",Q2
2013,CCZ05,"15,10873362","0,8400112442","5,6",Q3
2013,CCZ05,"20,35147705","0,8979764235","4,4",Q4
2013,CCZ05,"48,19022409","1,48696773","3,1",Q5
2014,CCZ05,"5,238355778","0,5041468952","9,6",Q1
2014,CCZ05,"10,72380381","0,7765180242","7,2",Q2
2014,CCZ05,"15,69035811","0,8185932058","5,2",Q3
2014,CCZ05,"22,22947811","0,9499345397","4,3",Q4
2014,CCZ05,"46,1180042","1,418071765","3,1",Q5
2015,CCZ05,"5,636413192","0,5307957759","9,4",Q1
2015,CCZ05,"10,25165804","0,730994387","7,1",Q2
2015,CCZ05,"15,22122286","0,8756403545","5,8",Q3
2015,CCZ05,"23,98655401","1,013187632","4,2",Q4
2015,CCZ05,"44,9041519","1,495115115","3,3",Q5
2016,CCZ05,"4,377161745","0,6583136371",15,Q1
2016,CCZ05,"8,498747679","0,9709057056","11,4",Q2
2016,CCZ05,"13,51825663","0,7560560124","5,6",Q3
2016,CCZ05,"21,5723024","0,9393730005","4,4",Q4
2016,CCZ05,"52,03353155","2,255126484","4,3",Q5
2017,CCZ05,"5,592585992","0,5502738642","9,8",Q1
2017,CCZ05,"11,61290323","0,7823693427","6,7",Q2
2017,CCZ05,"14,04562467","0,8476277623",6,Q3
2017,CCZ05,"21,91587952","0,9710069888","4,4",Q4
2017,CCZ05,"46,83300659","1,541116712","3,3",Q5
2018,CCZ05,"5,971270795","0,6117813246","10,2",Q1
2018,CCZ05,"10,08842444","0,7797261263","7,7",Q2
2018,CCZ05,"15,06885223","0,837798714","5,6",Q3
2018,CCZ05,"22,44163288","0,9487381995","4,2",Q4
2018,CCZ05,"46,42981966","1,591816361","3,4",Q5
2019,CCZ05,"6,379734553","0,692230687","10,9",Q1
2019,CCZ05,"10,38742766","0,7631977023","7,3",Q2
2019,CCZ05,"16,07755484","0,9598686351",6,Q3
2019,CCZ05,"21,95654434","0,8889469232",4,Q4
2019,CCZ05,"45,19873861","1,533439419","3,4",Q5
2022,CCZ05,"5,436776743","0,7373371349","13,6",Q1
2022,CCZ05,"10,30729608","1,093761031","10,6",Q2
2022,CCZ05,"14,97495061","1,201562659",8,Q3
2022,CCZ05,"22,83904883","1,427760281","6,3",Q4
2022,CCZ05,"46,44192774","2,244941956","4,8",Q5
2009,CCZ06,"17,29927358","1,431228014","8,3",Q1
2009,CCZ06,"22,10516188","1,364863438","6,2",Q2
2009,CCZ06,"22,25910425","1,537428932","6,9",Q3
2009,CCZ06,"23,11540867","1,567282444","6,8",Q4
2009,CCZ06,"15,22105162","1,270834444","8,3",Q5
2010,CCZ06,"17,99962275","1,754792248","9,7",Q1
2010,CCZ06,"20,73941337","1,416883759","6,8",Q2
2010,CCZ06,"22,29557672","1,440130975","6,5",Q3
2010,CCZ06,"23,88946525","1,637294869","6,9",Q4
2010,CCZ06,"15,07592191","1,48384815","9,8",Q5
2011,CCZ06,"18,87750747","1,716057367","9,1",Q1
2011,CCZ06,"23,38454972","1,445680745","6,2",Q2
2011,CCZ06,"21,67733675","1,458353489","6,7",Q3
2011,CCZ06,"20,55484422","1,525374804","7,4",Q4
2011,CCZ06,"15,50576184","1,423065825","9,2",Q5
2012,CCZ06,"20,66123028","1,797772376","8,7",Q1
2012,CCZ06,"20,16486439","1,522659109","7,6",Q2
2012,CCZ06,"22,81067187","1,499576381","6,6",Q3
2012,CCZ06,"21,31271051","1,557749228","7,3",Q4
2012,CCZ06,"15,05052296","1,542511291","10,2",Q5
2013,CCZ06,"21,24538828","1,666208715","7,8",Q1
2013,CCZ06,"20,5435076","1,547490753","7,5",Q2
2013,CCZ06,"20,34104202","1,628277142",8,Q3
2013,CCZ06,"23,49950508","1,320772026","5,6",Q4
2013,CCZ06,"14,37055701","1,585351109",11,Q5
2014,CCZ06,"16,93033226","1,52262671",9,Q1
2014,CCZ06,"23,21114684","1,43198798","6,2",Q2
2014,CCZ06,"22,87245445","1,377067705",6,Q3
2014,CCZ06,"21,47052519","1,503105199",7,Q4
2014,CCZ06,"15,51554126","1,420739821","9,2",Q5
2015,CCZ06,"16,84311039","1,439593811","8,5",Q1
2015,CCZ06,"20,90754349","1,424201465","6,8",Q2
2015,CCZ06,"21,5925603","1,520853011",7,Q3
2015,CCZ06,"25,82305808","1,595230595","6,2",Q4
2015,CCZ06,"14,83372774","1,38953561","9,4",Q5
2016,CCZ06,"17,88945991","1,949934388","10,9",Q1
2016,CCZ06,"21,55311032","1,302715554",6,Q2
2016,CCZ06,"21,25043352","1,375260607","6,5",Q3
2016,CCZ06,"23,13901063","1,993257238","8,6",Q4
2016,CCZ06,"16,16798562","1,60906769",10,Q5
2017,CCZ06,"18,671052","1,739110517","9,3",Q1
2017,CCZ06,"21,23075456","1,58199052","7,5",Q2
2017,CCZ06,"21,64068831","1,589491632","7,3",Q3
2017,CCZ06,"21,98388865","1,506902383","6,9",Q4
2017,CCZ06,"16,47361647","2,001608043","12,2",Q5
2018,CCZ06,"18,10170053","1,647728615","9,1",Q1
2018,CCZ06,"19,10712069","1,509004487","7,9",Q2
2018,CCZ06,"21,57308949","1,557926774","7,2",Q3
2018,CCZ06,"23,59220489","1,705118104","7,2",Q4
2018,CCZ06,"17,6258844","1,777573666","10,1",Q5
2019,CCZ06,"18,58290898","1,694218067","9,1",Q1
2019,CCZ06,"21,92472947","1,460097713","6,7",Q2
2019,CCZ06,"22,56922342","1,688318038","7,5",Q3
2019,CCZ06,"20,66359007","1,631224948","7,9",Q4
2019,CCZ06,"16,25954806","1,729406725","10,6",Q5
2022,CCZ06,"17,27152318","2,268351696","13,1",Q1
2022,CCZ06,"22,73730684","2,179340919","9,6",Q2
2022,CCZ06,"25,13024283","2,026891733","8,1",Q3
2022,CCZ06,"22,23399558","2,396815238","10,8",Q4
2022,CCZ06,"12,62693157","1,600880752","12,7",Q5
2009,CCZ07,"3,815832439","0,7458095135","19,5",Q1
2009,CCZ07,"7,650324206","0,9690138061","12,7",Q2
2009,CCZ07,"15,21201661","1,348184633","8,9",Q3
2009,CCZ07,"23,38946681","1,626117032",7,Q4
2009,CCZ07,"49,93235994","2,09399442","4,2",Q5
2010,CCZ07,"5,334636555","0,9250298527","17,3",Q1
2010,CCZ07,"9,403775914","1,460787408","15,5",Q2
2010,CCZ07,"15,95761099","1,526738305","9,6",Q3
2010,CCZ07,"25,90153814","2,015185159","7,8",Q4
2010,CCZ07,"43,4024384","2,507265102","5,8",Q5
2011,CCZ07,"5,450490219","0,8815520014","16,2",Q1
2011,CCZ07,"11,16119139","1,248565205","11,2",Q2
2011,CCZ07,"14,94354352","1,441657209","9,6",Q3
2011,CCZ07,"23,15877515","1,621244534",7,Q4
2011,CCZ07,"45,28599972","2,424385276","5,4",Q5
2012,CCZ07,"4,316510527","0,7151183647","16,6",Q1
2012,CCZ07,"12,41563413","1,337454164","10,8",Q2
2012,CCZ07,"15,115342","1,301123542","8,6",Q3
2012,CCZ07,"24,31751788","1,576598273","6,5",Q4
2012,CCZ07,"43,83499547","2,414057735","5,5",Q5
2013,CCZ07,"4,780993352","0,7769347954","16,3",Q1
2013,CCZ07,"9,342002346","1,222627963","13,1",Q2
2013,CCZ07,"15,7704341","1,291689044","8,2",Q3
2013,CCZ07,"22,96636684","1,575560562","6,9",Q4
2013,CCZ07,"47,14020336","2,115875788","4,5",Q5
2014,CCZ07,"7,248485987","1,146164355","15,8",Q1
2014,CCZ07,"9,530069011","1,072786213","11,3",Q2
2014,CCZ07,"15,5814281","1,557456916",10,Q3
2014,CCZ07,"24,07398714","1,541653224","6,4",Q4
2014,CCZ07,"43,56602976","2,282162516","5,2",Q5
2015,CCZ07,"5,957681186","0,9853046573","16,5",Q1
2015,CCZ07,"10,43741681","1,123061187","10,8",Q2
2015,CCZ07,"16,8540873","1,635837286","9,7",Q3
2015,CCZ07,"24,42741084","1,575809404","6,5",Q4
2015,CCZ07,"42,32340386","2,148249347","5,1",Q5
2016,CCZ07,"4,188240119","0,7625765684","18,2",Q1
2016,CCZ07,"9,652945097","1,582978484","16,4",Q2
2016,CCZ07,"15,10227098","2,649647094","17,5",Q3
2016,CCZ07,"25,7446045","1,618888841","6,3",Q4
2016,CCZ07,"45,3119393","4,731663933","10,4",Q5
2017,CCZ07,"5,465876141","0,8998276572","16,5",Q1
2017,CCZ07,"10,74566149","1,107817441","10,3",Q2
2017,CCZ07,"14,42420046","1,17880334","8,2",Q3
2017,CCZ07,"24,06197256","1,502904836","6,2",Q4
2017,CCZ07,"45,30228935","2,452913791","5,4",Q5
2018,CCZ07,"7,078704798","1,048771035","14,8",Q1
2018,CCZ07,"11,26211298","1,144941382","10,2",Q2
2018,CCZ07,"14,63798944","1,260952596","8,6",Q3
2018,CCZ07,"23,37114945","1,48114643","6,3",Q4
2018,CCZ07,"43,65004333","2,318401648","5,3",Q5
2019,CCZ07,"5,1494329","0,8443917609","16,4",Q1
2019,CCZ07,"10,60104313","1,287989331","12,1",Q2
2019,CCZ07,"13,98708502","1,425490316","10,2",Q3
2019,CCZ07,"25,22973756","1,623422658","6,4",Q4
2019,CCZ07,"45,03270138","2,229504407",5,Q5
2022,CCZ07,"7,152102209","1,411918788","19,7",Q1
2022,CCZ07,"11,6153814","2,053516368","17,7",Q2
2022,CCZ07,"16,14128846","1,965823737","12,2",Q3
2022,CCZ07,"24,03239948","2,263500546","9,4",Q4
2022,CCZ07,"41,05882844","3,284870596",8,Q5
2009,CCZ08,"5,601979109","1,000956122","17,9",Q1
2009,CCZ08,"8,213304013","1,208350477","14,7",Q2
2009,CCZ08,"10,0219901","1,257234487","12,5",Q3
2009,CCZ08,"18,69158879","1,651410854","8,8",Q4
2009,CCZ08,"57,47113799","2,585410492","4,5",Q5
2010,CCZ08,"7,29825449","1,529696395",21,Q1
2010,CCZ08,"8,651656969","1,337697699","15,5",Q2
2010,CCZ08,"13,78699722","1,817425364","13,2",Q3
2010,CCZ08,"19,28914748","2,023352207","10,5",Q4
2010,CCZ08,"50,97394384","3,497019143","6,9",Q5
2011,CCZ08,"8,598971722","1,933821148","22,5",Q1
2011,CCZ08,"12,1722365","1,852170799","15,2",Q2
2011,CCZ08,"15,14781491","1,587127017","10,5",Q3
2011,CCZ08,"19,6529563","1,76698129",9,Q4
2011,CCZ08,"44,42802057","4,283245553","9,6",Q5
2012,CCZ08,"11,37706408","2,054817925","18,1",Q1
2012,CCZ08,"13,16467202","1,968553047",15,Q2
2012,CCZ08,"12,62687472","1,609243221","12,7",Q3
2012,CCZ08,"18,45932434","1,883827084","10,2",Q4
2012,CCZ08,"44,37206484","4,031010105","9,1",Q5
2013,CCZ08,"8,300395257","1,531152161","18,4",Q1
2013,CCZ08,"9,69999352","1,321222794","13,6",Q2
2013,CCZ08,"12,62230286","1,684160207","13,3",Q3
2013,CCZ08,"22,7499514","1,980424719","8,7",Q4
2013,CCZ08,"46,62735696","3,806651311","8,2",Q5
2014,CCZ08,"10,84113436","1,699790485","15,7",Q1
2014,CCZ08,"9,829295154","1,582885023","16,1",Q2
2014,CCZ08,"11,77037445","1,409365074",12,Q3
2014,CCZ08,"19,19052863","1,832383954","9,5",Q4
2014,CCZ08,"48,3686674","3,63773476","7,5",Q5
2015,CCZ08,"6,658171392","1,378899225","20,7",Q1
2015,CCZ08,"9,283211214","1,404936283","15,1",Q2
2015,CCZ08,"11,70436445","1,367871045","11,7",Q3
2015,CCZ08,"19,59222682","1,809092423","9,2",Q4
2015,CCZ08,"52,76202612","3,47063475","6,6",Q5
2016,CCZ08,"7,795644209","2,48122578","31,8",Q1
2016,CCZ08,"11,97842459","2,984151735","24,9",Q2
2016,CCZ08,"14,6244657","2,626670837",18,Q3
2016,CCZ08,"21,40240179","2,03587049","9,5",Q4
2016,CCZ08,"44,19906371","6,741731587","15,3",Q5
2017,CCZ08,"7,283633248","1,165970694",16,Q1
2017,CCZ08,"11,7027788","1,639256881",14,Q2
2017,CCZ08,"14,07761048","1,742857038","12,4",Q3
2017,CCZ08,"17,7806341","1,843336919","10,4",Q4
2017,CCZ08,"49,15534337","3,594241948","7,3",Q5
2018,CCZ08,"4,697836914","1,230465277","26,2",Q1
2018,CCZ08,"10,24306846","1,870831189","18,3",Q2
2018,CCZ08,"14,74020665","1,863127428","12,6",Q3
2018,CCZ08,"17,10399167","1,835397528","10,7",Q4
2018,CCZ08,"53,21489631","3,793303961","7,1",Q5
2019,CCZ08,"7,210487983","1,657656116",23,Q1
2019,CCZ08,"8,594319009","1,67438823","19,5",Q2
2019,CCZ08,"11,88799871","1,702127561","14,3",Q3
2019,CCZ08,"17,49615602","2,28430568","13,1",Q4
2019,CCZ08,"54,81103828","4,044827761","7,4",Q5
2022,CCZ08,"4,419506789","2,125541316","48,1",Q1
2022,CCZ08,"9,59407038","2,566725667","26,8",Q2
2022,CCZ08,"10,55694098","2,221672802",21,Q3
2022,CCZ08,"17,63646439","3,195880604","18,1",Q4
2022,CCZ08,"57,79301746","7,118370156","12,3",Q5
2009,CCZ09,"31,26768926","1,082885445","3,5",Q1
2009,CCZ09,"25,91588323","0,9584391513","3,7",Q2
2009,CCZ09,"21,85056903","0,9158008379","4,2",Q3
2009,CCZ09,"15,75853538","0,808189312","5,1",Q4
2009,CCZ09,"5,207323107","0,5126514661","9,8",Q5
2010,CCZ09,"33,25456712","1,280584822","3,9",Q1
2010,CCZ09,"25,8816521","1,044614929",4,Q2
2010,CCZ09,"19,74185862","0,9638015964","4,9",Q3
2010,CCZ09,"14,9305004","0,851325461","5,7",Q4
2010,CCZ09,"6,191421763","0,6026984884","9,7",Q5
2011,CCZ09,"33,13102119","1,236800915","3,7",Q1
2011,CCZ09,"25,0655106","1,016216336","4,1",Q2
2011,CCZ09,"22,13872832","0,983032414","4,4",Q3
2011,CCZ09,"14,62813102","0,8564108318","5,9",Q4
2011,CCZ09,"5,036608863","0,5530723187",11,Q5
2012,CCZ09,"31,53708268","1,148343652","3,6",Q1
2012,CCZ09,"26,01015759","1,022278211","3,9",Q2
2012,CCZ09,"20,55231907","0,9157287086","4,5",Q3
2012,CCZ09,"15,67331391","0,9341826199",6,Q4
2012,CCZ09,"6,227126746","0,5731422531","9,2",Q5
2013,CCZ09,"30,71168301","1,222613476",4,Q1
2013,CCZ09,"25,63854319","0,9823066986","3,8",Q2
2013,CCZ09,"22,295763","0,974720901","4,4",Q3
2013,CCZ09,"15,4077699","0,9214376092",6,Q4
2013,CCZ09,"5,946240913","0,6034995774","10,1",Q5
2014,CCZ09,"30,44085479","1,131162272","3,7",Q1
2014,CCZ09,"24,83425879","0,9498495449","3,8",Q2
2014,CCZ09,"21,46727242","0,8850627807","4,1",Q3
2014,CCZ09,"17,10079085","0,9017420014","5,3",Q4
2014,CCZ09,"6,156823153","0,549224991","8,9",Q5
2015,CCZ09,"32,39648292","1,178325237","3,6",Q1
2015,CCZ09,"26,06194614","0,9784529372","3,8",Q2
2015,CCZ09,"20,2525523","0,9175614822","4,5",Q3
2015,CCZ09,"15,89939367","0,8394344369","5,3",Q4
2015,CCZ09,"5,389624972","0,5250854395","9,7",Q5
2016,CCZ09,"29,83844048","1,408941105","4,7",Q1
2016,CCZ09,"28,30796448","1,052605556","3,7",Q2
2016,CCZ09,"20,83082983","0,9351102322","4,5",Q3
2016,CCZ09,"15,12283864","0,9342476285","6,2",Q4
2016,CCZ09,"5,899926564","0,582294069","9,9",Q5
2017,CCZ09,"32,60808535","1,217906575","3,7",Q1
2017,CCZ09,"24,40868894","1,032914747","4,2",Q2
2017,CCZ09,"20,38531724","0,9284546619","4,6",Q3
2017,CCZ09,"16,51635317","0,9613443575","5,8",Q4
2017,CCZ09,"6,081555306","0,6888279266","11,3",Q5
2018,CCZ09,"29,67977458","1,227129486","4,1",Q1
2018,CCZ09,"24,61677506","1,123994339","4,6",Q2
2018,CCZ09,"22,31299509","1,066892698","4,8",Q3
2018,CCZ09,"17,81530773","1,0063021","5,6",Q4
2018,CCZ09,"5,575147531","0,6177622629","11,1",Q5
2019,CCZ09,"33,38166559","1,336009086",4,Q1
2019,CCZ09,"25,24478865","1,091901041","4,3",Q2
2019,CCZ09,"20,5485995","1,066673564","5,2",Q3
2019,CCZ09,"14,5849681","1,02668504",7,Q4
2019,CCZ09,"6,239978165","0,6910432086","11,1",Q5
2022,CCZ09,"27,53685251","1,984292422","7,2",Q1
2022,CCZ09,"25,09429301","1,614863994","6,4",Q2
2022,CCZ09,"23,75689698","1,594030667","6,7",Q3
2022,CCZ09,"17,51626451","1,292433893","7,4",Q4
2022,CCZ09,"6,095692992","0,7916006683",13,Q5
2009,CCZ10,"37,20571749","1,935148397","5,2",Q1
2009,CCZ10,"27,27017937","1,792643771","6,6",Q2
2009,CCZ10,"19,56278027","1,652265641","8,4",Q3
2009,CCZ10,"12,27578475","1,294763828","10,5",Q4
2009,CCZ10,"3,685538117","0,7767109139","21,1",Q5
2010,CCZ10,"40,99460293","2,659694224","6,5",Q1
2010,CCZ10,"26,26060139","2,021135862","7,7",Q2
2010,CCZ10,"17,97995374","1,658174798","9,2",Q3
2010,CCZ10,"12,25905937","1,500351535","12,2",Q4
2010,CCZ10,"2,505782575","0,6212540997","24,8",Q5
2011,CCZ10,"39,72776642","2,17980917","5,5",Q1
2011,CCZ10,"26,37703646","1,817004205","6,9",Q2
2011,CCZ10,"17,06749418","1,647203431","9,7",Q3
2011,CCZ10,"12,41977572","1,343347041","10,8",Q4
2011,CCZ10,"4,407927216","0,8457335181","19,2",Q5
2012,CCZ10,"38,80225492","2,435591615","6,3",Q1
2012,CCZ10,"23,86704737","1,87935869","7,9",Q2
2012,CCZ10,"18,77150597","1,758015301","9,4",Q3
2012,CCZ10,"13,5515045","1,552789118","11,5",Q4
2012,CCZ10,"5,007687239","0,9575620057","19,1",Q5
2013,CCZ10,"35,54634327","2,403347574","6,8",Q1
2013,CCZ10,"27,25529019","1,928315336","7,1",Q2
2013,CCZ10,"21,24737037","1,773016339","8,3",Q3
2013,CCZ10,"11,5703502","1,446705088","12,5",Q4
2013,CCZ10,"4,38064596","0,9170410602","20,9",Q5
2014,CCZ10,"33,83855981","2,221726661","6,6",Q1
2014,CCZ10,"25,94657375","1,765953807","6,8",Q2
2014,CCZ10,"19,51800232","1,596135609","8,2",Q3
2014,CCZ10,"14,69221835","1,465133458",10,Q4
2014,CCZ10,"6,004645761","1,003979091","16,7",Q5
2015,CCZ10,"31,6475464","2,29175453","7,2",Q1
2015,CCZ10,"25,70124332","1,823131142","7,1",Q2
2015,CCZ10,"21,51480569","1,785652856","8,3",Q3
2015,CCZ10,"14,14499369","1,733396722","12,3",Q4
2015,CCZ10,"6,991410896","1,182074304","16,9",Q5
2016,CCZ10,"34,58022545","2,019556343","5,8",Q1
2016,CCZ10,"23,60495766","1,544315469","6,5",Q2
2016,CCZ10,"20,45875161","1,8574883","9,1",Q3
2016,CCZ10,"16,04509001","1,565279832","9,8",Q4
2016,CCZ10,"5,310975268","0,8531967592","16,1",Q5
2017,CCZ10,"37,88762094","2,475121671","6,5",Q1
2017,CCZ10,"25,23567353","2,062820581","8,2",Q2
2017,CCZ10,"19,23220045","1,846270239","9,6",Q3
2017,CCZ10,"14,29546018","1,706426134","11,9",Q4
2017,CCZ10,"3,349044902","0,8892312986","26,6",Q5
2018,CCZ10,"38,53535354","2,16825399","5,6",Q1
2018,CCZ10,"27,26010101","1,869555058","6,9",Q2
2018,CCZ10,"17,7020202","1,876122163","10,6",Q3
2018,CCZ10,"12,9229798","1,547933724",12,Q4
2018,CCZ10,"3,579545455","0,8952178688",25,Q5
2019,CCZ10,"36,65838672","2,696084271","7,4",Q1
2019,CCZ10,"22,13361224","2,175374848","9,8",Q2
2019,CCZ10,"21,64988887","2,315817051","10,7",Q3
2019,CCZ10,"15,26343313","2,064622321","13,5",Q4
2019,CCZ10,"4,294679043","1,036798466","24,1",Q5
2022,CCZ10,"29,70327201","2,086015391",7,Q1
2022,CCZ10,"29,97371729","2,540439131","8,5",Q2
2022,CCZ10,"20,94617758","2,131908488","10,2",Q3
2022,CCZ10,"14,50500895","1,967837745","13,6",Q4
2022,CCZ10,"4,871824172","1,196791069","24,6",Q5
2009,CCZ11,"29,18464632","1,181431501",4,Q1
2009,CCZ11,"25,72577548","1,069411165","4,2",Q2
2009,CCZ11,"19,9828299","0,9984929347",5,Q3
2009,CCZ11,"17,03454352","0,9240390411","5,4",Q4
2009,CCZ11,"8,072204776","0,7240415523",9,Q5
2010,CCZ11,"31,64553858","1,3554414","4,3",Q1
2010,CCZ11,"23,64465586","1,069994034","4,5",Q2
2010,CCZ11,"22,07292254","1,17424318","5,3",Q3
2010,CCZ11,"15,21957678","1,030210437","6,8",Q4
2010,CCZ11,"7,417306231","0,7823330723","10,5",Q5
2011,CCZ11,"30,31478102","1,437963125","4,7",Q1
2011,CCZ11,"24,92016423","1,063040597","4,3",Q2
2011,CCZ11,"21,54881387","1,031641281","4,8",Q3
2011,CCZ11,"15,11405109","0,9871017213","6,5",Q4
2011,CCZ11,"8,102189781","0,7332745666","9,1",Q5
2012,CCZ11,"28,50450531","1,360081773","4,8",Q1
2012,CCZ11,"23,43434796","1,133959441","4,8",Q2
2012,CCZ11,"21,49773614","1,124307386","5,2",Q3
2012,CCZ11,"17,07535751","1,09277742","6,4",Q4
2012,CCZ11,"9,488053078","0,8700766419","9,2",Q5
2013,CCZ11,"29,63894991","1,384165705","4,7",Q1
2013,CCZ11,"24,4268623","1,051273678","4,3",Q2
2013,CCZ11,"21,61395577","1,061263925","4,9",Q3
2013,CCZ11,"16,26111621","1,07339787","6,6",Q4
2013,CCZ11,"8,059115822","0,9229978299","11,5",Q5
2014,CCZ11,"29,30781215","1,386622561","4,7",Q1
2014,CCZ11,"25,05898064","1,129824496","4,5",Q2
2014,CCZ11,"20,87914534","1,055504648","5,1",Q3
2014,CCZ11,"16,69708435","0,9569999736","5,7",Q4
2014,CCZ11,"8,056977521","0,7464504542","9,3",Q5
2015,CCZ11,"28,10118676","1,243403834","4,4",Q1
2015,CCZ11,"26,24817822","1,072445889","4,1",Q2
2015,CCZ11,"21,13887154","1,067752738","5,1",Q3
2015,CCZ11,"14,66375182","1,009822908","6,9",Q4
2015,CCZ11,"9,848011659","0,83697159","8,5",Q5
2016,CCZ11,"32,71716081","1,806352596","5,5",Q1
2016,CCZ11,"23,89669107","1,220001877","5,1",Q2
2016,CCZ11,"21,54603289","1,000476188","4,6",Q3
2016,CCZ11,"14,39803145","0,9459161752","6,6",Q4
2016,CCZ11,"7,442083783","0,7931812996","10,7",Q5
2017,CCZ11,"28,91834797","1,497873022","5,2",Q1
2017,CCZ11,"23,37345194","1,064677723","4,6",Q2
2017,CCZ11,"21,91600287","1,053147992","4,8",Q3
2017,CCZ11,"16,15210187","1,037237219","6,4",Q4
2017,CCZ11,"9,640095354","0,8832145919","9,2",Q5
2018,CCZ11,"29,5543672","1,405942098","4,8",Q1
2018,CCZ11,"24,42265795","1,249191594","5,1",Q2
2018,CCZ11,"21,37254902","1,134473148","5,3",Q3
2018,CCZ11,"16,2547039","1,205988039","7,4",Q4
2018,CCZ11,"8,395721925","0,8660993574","10,3",Q5
2019,CCZ11,"25,92400008","1,433575452","5,5",Q1
2019,CCZ11,"24,21223403","1,156257844","4,8",Q2
2019,CCZ11,"22,76045675","1,28486547","5,6",Q3
2019,CCZ11,"19,15389255","1,323121905","6,9",Q4
2019,CCZ11,"7,949416585","0,821955936","10,3",Q5
2022,CCZ11,"35,68182468","2,551546479","7,2",Q1
2022,CCZ11,"25,35799011","1,943912917","7,7",Q2
2022,CCZ11,"17,67513648","1,768858819",10,Q3
2022,CCZ11,"15,56006517","1,936329329","12,4",Q4
2022,CCZ11,"5,724983565","1,147010779",20,Q5
2009,CCZ12,"29,52400492","1,794985089","6,1",Q1
2009,CCZ12,"22,24558884","1,544871273","6,9",Q2
2009,CCZ12,"20,59396799","1,485488881","7,2",Q3
2009,CCZ12,"17,41382848","1,42067639","8,2",Q4
2009,CCZ12,"10,22260977","1,144834987","11,2",Q5
2010,CCZ12,"29,19218276","2,028333158","6,9",Q1
2010,CCZ12,"22,72751478","1,684660747","7,4",Q2
2010,CCZ12,"22,1151286","1,794830297","8,1",Q3
2010,CCZ12,"17,10953725","1,588461434","9,3",Q4
2010,CCZ12,"8,855636615","1,343812179","15,2",Q5
2011,CCZ12,"27,05341461","1,872454428","6,9",Q1
2011,CCZ12,"25,17305507","1,7429053","6,9",Q2
2011,CCZ12,"20,82343217","1,554085751","7,5",Q3
2011,CCZ12,"18,30767641","1,627703748","8,9",Q4
2011,CCZ12,"8,642421738","1,208492632",14,Q5
2012,CCZ12,"27,61999875","2,156946372","7,8",Q1
2012,CCZ12,"23,06972099","1,856023343",8,Q2
2012,CCZ12,"21,00368267","1,734334323","8,3",Q3
2012,CCZ12,"17,53947943","1,734254596","9,9",Q4
2012,CCZ12,"10,76711816","1,390461939","12,9",Q5
2013,CCZ12,"25,98087164","1,889773937","7,3",Q1
2013,CCZ12,"24,45386371","1,552713397","6,3",Q2
2013,CCZ12,"22,18780567","1,681103686","7,6",Q3
2013,CCZ12,"18,54689708","1,916234415","10,3",Q4
2013,CCZ12,"8,830561895","1,411147815",16,Q5
2014,CCZ12,"25,07328308","2,179998269","8,7",Q1
2014,CCZ12,"23,1260469","1,575511778","6,8",Q2
2014,CCZ12,"19,93299832","1,52706628","7,7",Q3
2014,CCZ12,"19,71314908","1,679179114","8,5",Q4
2014,CCZ12,"12,15452261","1,299423649","10,7",Q5
2015,CCZ12,"27,00821384","2,137069466","7,9",Q1
2015,CCZ12,"19,62504061","1,447662462","7,4",Q2
2015,CCZ12,"22,11703559","1,437825528","6,5",Q3
2015,CCZ12,"20,26080097","1,705836149","8,4",Q4
2015,CCZ12,"10,988909","1,292119074","11,8",Q5
2016,CCZ12,"25,33040855","2,541870365",10,Q1
2016,CCZ12,"22,54455717","1,511430017","6,7",Q2
2016,CCZ12,"22,66520428","2,311074803","10,2",Q3
2016,CCZ12,"18,59062243","1,937855132","10,4",Q4
2016,CCZ12,"10,86920757","1,808042494","16,6",Q5
2017,CCZ12,"26,82659141","2,067280763","7,7",Q1
2017,CCZ12,"22,39991638","1,885085411","8,4",Q2
2017,CCZ12,"23,94167451","1,619201414","6,8",Q3
2017,CCZ12,"18,04640953","1,834684117","10,2",Q4
2017,CCZ12,"8,785408174","1,275878016","14,5",Q5
2018,CCZ12,"23,48360656","1,956781618","8,3",Q1
2018,CCZ12,"26,92622951","2,03489125","7,6",Q2
2018,CCZ12,"21,35758197","1,72652289","8,1",Q3
2018,CCZ12,"18,07889344","2,049144425","11,3",Q4
2018,CCZ12,"10,15368852","1,638600319","16,1",Q5
2019,CCZ12,"24,75086776","2,063730463","8,3",Q1
2019,CCZ12,"25,37789721","2,118050196","8,3",Q2
2019,CCZ12,"23,27286978","2,015741719","8,7",Q3
2019,CCZ12,"15,97245549","1,791861872","11,2",Q4
2019,CCZ12,"10,62590975","1,68601763","15,9",Q5
2022,CCZ12,"20,77208472","2,294353316",11,Q1
2022,CCZ12,"25,32757244","2,600478948","10,3",Q2
2022,CCZ12,"23,77307096","2,517559508","10,6",Q3
2022,CCZ12,"20,08641338","2,424303161","12,1",Q4
2022,CCZ12,"10,0408585","2,170258217","21,6",Q5
2009,CCZ13,"24,76954426","1,348316341","5,4",Q1
2009,CCZ13,"22,39544587","1,193194851","5,3",Q2
2009,CCZ13,"21,07254908","1,178155921","5,6",Q3
2009,CCZ13,"19,83374842","1,173932625","5,9",Q4
2009,CCZ13,"11,92871236","1,034654947","8,7",Q5
2010,CCZ13,"22,44484466","1,374765632","6,1",Q1
2010,CCZ13,"25,71235608","1,550157901",6,Q2
2010,CCZ13,"21,73088056","1,311917542",6,Q3
2010,CCZ13,"19,57612401","1,331558916","6,8",Q4
2010,CCZ13,"10,53579469","1,041186913","9,9",Q5
2011,CCZ13,"27,43238731","1,626978478","5,9",Q1
2011,CCZ13,"20,60100167","1,313144966","6,4",Q2
2011,CCZ13,"22,04674457","1,32422498",6,Q3
2011,CCZ13,"20,98163606","1,39062194","6,6",Q4
2011,CCZ13,"8,938230384","0,9958758382","11,1",Q5
2012,CCZ13,"21,56092812","1,526094654","7,1",Q1
2012,CCZ13,"23,14457245","1,214012549","5,2",Q2
2012,CCZ13,"24,92617232","1,44713102","5,8",Q3
2012,CCZ13,"18,84471848","1,392388441","7,4",Q4
2012,CCZ13,"11,52360863","1,21547907","10,5",Q5
2013,CCZ13,"24,14198984","1,427898151","5,9",Q1
2013,CCZ13,"25,65357453","1,331373352","5,2",Q2
2013,CCZ13,"20,59224384","1,201130701","5,8",Q3
2013,CCZ13,"18,50142485","1,245858109","6,7",Q4
2013,CCZ13,"11,11076694","1,163351627","10,5",Q5
2014,CCZ13,"22,46563193","1,586903335","7,1",Q1
2014,CCZ13,"23,15742794","1,237546152","5,3",Q2
2014,CCZ13,"21,58462676","1,272829002","5,9",Q3
2014,CCZ13,"19,33481153","1,342173252","6,9",Q4
2014,CCZ13,"13,45750185","1,114785524","8,3",Q5
2015,CCZ13,"22,69519498","1,426399175","6,3",Q1
2015,CCZ13,"23,20690528","1,228804679","5,3",Q2
2015,CCZ13,"22,54618045","1,179815812","5,2",Q3
2015,CCZ13,"19,2425563","1,19417173","6,2",Q4
2015,CCZ13,"12,30916299","1,145529603","9,3",Q5
2016,CCZ13,"21,68519315","1,937946838","8,9",Q1
2016,CCZ13,"22,40680464","1,500823754","6,7",Q2
2016,CCZ13,"21,34434686","0,913527869","4,3",Q3
2016,CCZ13,"20,26653565","1,471987465","7,3",Q4
2016,CCZ13,"14,2971197","1,770392167","12,4",Q5
2017,CCZ13,"17,35644001","1,370670792","7,9",Q1
2017,CCZ13,"21,95035982","1,234554063","5,6",Q2
2017,CCZ13,"22,29695991","1,311560526","5,9",Q3
2017,CCZ13,"24,35012483","1,342632364","5,5",Q4
2017,CCZ13,"14,04611544","1,305424582","9,3",Q5
2018,CCZ13,"22,81996783","1,543530751","6,8",Q1
2018,CCZ13,"23,73908548","1,497828383","6,3",Q2
2018,CCZ13,"22,41785386","1,295829253","5,8",Q3
2018,CCZ13,"17,27653952","1,194646486","6,9",Q4
2018,CCZ13,"13,74655331","1,413935373","10,3",Q5
2019,CCZ13,"23,62335401","1,490176005","6,3",Q1
2019,CCZ13,"22,08346937","1,38192346","6,3",Q2
2019,CCZ13,"21,96376102","1,303652539","5,9",Q3
2019,CCZ13,"20,41843509","1,397432285","6,8",Q4
2019,CCZ13,"11,91098052","1,233275456","10,4",Q5
2022,CCZ13,"19,17401421","2,099325491","10,9",Q1
2022,CCZ13,"17,643277","1,737315027","9,8",Q2
2022,CCZ13,"23,54886113","1,969051294","8,4",Q3
2022,CCZ13,"24,77651237","1,872248054","7,6",Q4
2022,CCZ13,"14,85733529","2,103406512","14,2",Q5
2009,CCZ14,"26,63169753","1,494940475","5,6",Q1
2009,CCZ14,"23,36126171","1,309883347","5,6",Q2
2009,CCZ14,"23,15707949","1,286339104","5,6",Q3
2009,CCZ14,"18,26022671","1,162833191","6,4",Q4
2009,CCZ14,"8,589734563","0,9675256595","11,3",Q5
2010,CCZ14,"27,78817151","1,803968165","6,5",Q1
2010,CCZ14,"23,48134855","1,425511547","6,1",Q2
2010,CCZ14,"21,85865374","1,573226097","7,2",Q3
2010,CCZ14,"16,3758543","1,325209013","8,1",Q4
2010,CCZ14,"10,4959719","1,042357399","9,9",Q5
2011,CCZ14,"28,50980938","1,67911065","5,9",Q1
2011,CCZ14,"26,3461806","1,439800587","5,5",Q2
2011,CCZ14,"19,60136357","1,395944624","7,1",Q3
2011,CCZ14,"16,76986225","1,207898573","7,2",Q4
2011,CCZ14,"8,772784194","0,9591201204","10,9",Q5
2012,CCZ14,"28,29654993","1,712061668","6,1",Q1
2012,CCZ14,"22,19658342","1,310122816","5,9",Q2
2012,CCZ14,"20,00446611","1,407218631",7,Q3
2012,CCZ14,"19,30105326","1,411209457","7,3",Q4
2012,CCZ14,"10,20134728","1,104150475","10,8",Q5
2013,CCZ14,"25,61535666","1,737889046","6,8",Q1
2013,CCZ14,"25,00082598","1,328014104","5,3",Q2
2013,CCZ14,"22,07684937","1,238924295","5,6",Q3
2013,CCZ14,"18,04605676","1,297373946","7,2",Q4
2013,CCZ14,"9,260911223","1,082338933","11,7",Q5
2014,CCZ14,"30,0375868","1,572557896","5,2",Q1
2014,CCZ14,"22,61578646","1,183073981","5,2",Q2
2014,CCZ14,"20,42109957","1,252317918","6,1",Q3
2014,CCZ14,"18,6755431","1,22474491","6,6",Q4
2014,CCZ14,"8,249984073","0,8854661197","10,7",Q5
2015,CCZ14,"29,38701127","1,641326212","5,6",Q1
2015,CCZ14,"20,65606362","1,331604142","6,4",Q2
2015,CCZ14,"23,38966203","1,438151137","6,1",Q3
2015,CCZ14,"17,30616302","1,369148492","7,9",Q4
2015,CCZ14,"9,261100066","1,015824414",11,Q5
2016,CCZ14,"24,93943154","2,414017507","9,7",Q1
2016,CCZ14,"22,23601016","1,263964665","5,7",Q2
2016,CCZ14,"23,48874313","1,302224927","5,5",Q3
2016,CCZ14,"19,10713231","1,636894922","8,6",Q4
2016,CCZ14,"10,22868286","1,447776046","14,2",Q5
2017,CCZ14,"26,56381298","1,614230701","6,1",Q1
2017,CCZ14,"23,10174448","1,282079934","5,5",Q2
2017,CCZ14,"21,02786461","1,221376331","5,8",Q3
2017,CCZ14,"20,36570199","1,452323964","7,1",Q4
2017,CCZ14,"8,940875937","1,051466566","11,8",Q5
2018,CCZ14,"28,67766749","1,752879353","6,1",Q1
2018,CCZ14,"24,14860681","1,429845384","5,9",Q2
2018,CCZ14,"19,95148575","1,584277677","7,9",Q3
2018,CCZ14,"18,88225719","1,517399852",8,Q4
2018,CCZ14,"8,339982765","1,012395391","12,1",Q5
2019,CCZ14,"27,43394644","1,684595673","6,1",Q1
2019,CCZ14,"27,27817387","1,553684253","5,7",Q2
2019,CCZ14,"20,11563118","1,357269346","6,7",Q3
2019,CCZ14,"17,70415194","1,334864866","7,5",Q4
2019,CCZ14,"7,468096579","0,9444673503","12,6",Q5
2022,CCZ14,"27,61196207","2,464495615","8,9",Q1
2022,CCZ14,"24,7293946","2,147885798","8,7",Q2
2022,CCZ14,"19,85412108","1,49712498","7,5",Q3
2022,CCZ14,"17,3916849","1,586299647","9,1",Q4
2022,CCZ14,"10,41283735","1,63961415","15,7",Q5
2009,CCZ15,"10,28160365","1,53913801",15,Q1
2009,CCZ15,"21,22115975","2,014307341","9,5",Q2
2009,CCZ15,"19,57189227","2,047500707","10,5",Q3
2009,CCZ15,"23,72137907","2,191916482","9,2",Q4
2009,CCZ15,"25,20396526","2,476965187","9,8",Q5
2010,CCZ15,"14,3751864","1,895174912","13,2",Q1
2010,CCZ15,"16,75116811","1,851711037","11,1",Q2
2010,CCZ15,"19,76339596","1,847194724","9,3",Q3
2010,CCZ15,"22,25867382","2,512315494","11,3",Q4
2010,CCZ15,"26,8515757","2,85959133","10,6",Q5
2011,CCZ15,"11,01121671","1,556381503","14,1",Q1
2011,CCZ15,"20,53257984","2,098343287","10,2",Q2
2011,CCZ15,"19,17116191","2,139842189","11,2",Q3
2011,CCZ15,"22,63892457","2,056161409","9,1",Q4
2011,CCZ15,"26,64611696","2,87255666","10,8",Q5
2012,CCZ15,"11,10021398","1,802615084","16,2",Q1
2012,CCZ15,"16,41405136","2,217422212","13,5",Q2
2012,CCZ15,"18,57168331","1,918456876","10,3",Q3
2012,CCZ15,"28,35235378","2,664271863","9,4",Q4
2012,CCZ15,"25,56169757","2,691063362","10,5",Q5
2013,CCZ15,"10,68107342","1,756619257","16,4",Q1
2013,CCZ15,"20,4764857","1,900235574","9,3",Q2
2013,CCZ15,"19,82109645","2,2532924","11,4",Q3
2013,CCZ15,"22,13267204","1,924054435","8,7",Q4
2013,CCZ15,"26,88867239","3,062630413","11,4",Q5
2014,CCZ15,"9,546383327","1,375476819","14,4",Q1
2014,CCZ15,"16,35472007","1,686933419","10,3",Q2
2014,CCZ15,"20,38414385","1,701339082","8,3",Q3
2014,CCZ15,"24,96117695","1,846856714","7,4",Q4
2014,CCZ15,"28,75357581","2,488478582","8,7",Q5
2015,CCZ15,"12,19063545","1,720229316","14,1",Q1
2015,CCZ15,"18,36956522","2,186702711","11,9",Q2
2015,CCZ15,"18,31939799","2,026567115","11,1",Q3
2015,CCZ15,"24,40635452","1,999690446","8,2",Q4
2015,CCZ15,"26,71404682","2,56943719","9,6",Q5
2016,CCZ15,"18,00381437","5,143625699","28,6",Q1
2016,CCZ15,"23,24221233","2,693604059","11,6",Q2
2016,CCZ15,"20,62301335","1,738621281","8,4",Q3
2016,CCZ15,"22,23776224","2,573946494","11,6",Q4
2016,CCZ15,"15,89319771","2,788626805","17,5",Q5
2017,CCZ15,"13,18213484","1,955646918","14,8",Q1
2017,CCZ15,"17,32332224","2,10369794","12,1",Q2
2017,CCZ15,"18,22122455","1,946885812","10,7",Q3
2017,CCZ15,"21,8515365","2,203301085","10,1",Q4
2017,CCZ15,"29,42178187","2,866824064","9,7",Q5
2018,CCZ15,"10,78615761","2,011034983","18,6",Q1
2018,CCZ15,"15,66672936","2,362018559","15,1",Q2
2018,CCZ15,"22,55031033","2,743331564","12,2",Q3
2018,CCZ15,"24,9670867","2,729879579","10,9",Q4
2018,CCZ15,"26,02971601","3,18966878","12,3",Q5
2019,CCZ15,"11,91570881","1,972789328","16,6",Q1
2019,CCZ15,"15,20114943","1,971124175",13,Q2
2019,CCZ15,"18,84099617","2,59765546","13,8",Q3
2019,CCZ15,"24,56896552","2,600099288","10,6",Q4
2019,CCZ15,"29,47318008","3,239458538",11,Q5
2022,CCZ15,"20,03882335","7,878796718","39,3",Q1
2022,CCZ15,"14,18545617","3,542505664",25,Q2
2022,CCZ15,"25,59354935","5,391282937","21,1",Q3
2022,CCZ15,"19,949231","4,466584588","22,4",Q4
2022,CCZ15,"20,23294012","5,446060302","26,9",Q5
2009,CCZ16,"13,47077662","1,645056237","12,2",Q1
2009,CCZ16,"16,47985055","1,70454791","10,3",Q2
2009,CCZ16,"20,48305311","1,742126388","8,5",Q3
2009,CCZ16,"22,3445423","1,757514971","7,9",Q4
2009,CCZ16,"27,22177742","2,138269649","7,9",Q5
2010,CCZ16,"11,8055032","1,720007486","14,6",Q1
2010,CCZ16,"15,52205051","2,081589562","13,4",Q2
2010,CCZ16,"19,08028647","1,763192551","9,2",Q3
2010,CCZ16,"25,70674708","2,293676095","8,9",Q4
2010,CCZ16,"27,88541274","2,697558563","9,7",Q5
2011,CCZ16,"12,29996652","1,74561132","14,2",Q1
2011,CCZ16,"17,58285906","1,565765279","8,9",Q2
2011,CCZ16,"19,82591229","1,899646114","9,6",Q3
2011,CCZ16,"22,89253432","1,925990684","8,4",Q4
2011,CCZ16,"27,39872782","2,492569259","9,1",Q5
2012,CCZ16,"12,68972705","1,61897963","12,8",Q1
2012,CCZ16,"16,46146831","1,503008681","9,1",Q2
2012,CCZ16,"16,74809459","1,571854871","9,4",Q3
2012,CCZ16,"23,35352746","2,190717015","9,4",Q4
2012,CCZ16,"30,74718259","2,516239409","8,2",Q5
2013,CCZ16,"13,77282789","1,791575921",13,Q1
2013,CCZ16,"17,10708356","1,774012794","10,4",Q2
2013,CCZ16,"16,70586608","1,763407196","10,6",Q3
2013,CCZ16,"26,64637521","2,260466724","8,5",Q4
2013,CCZ16,"25,76784726","2,382778246","9,2",Q5
2014,CCZ16,"13,66580762","1,855499919","13,6",Q1
2014,CCZ16,"13,52650275","2,102310966","15,5",Q2
2014,CCZ16,"20,84000836","1,604638188","7,7",Q3
2014,CCZ16,"25,2559727","2,025822965",8,Q4
2014,CCZ16,"26,71170857","2,655508034","9,9",Q5
2015,CCZ16,"13,18367347","1,629453897","12,4",Q1
2015,CCZ16,"17,31972789","1,616161873","9,3",Q2
2015,CCZ16,"18,19727891","1,761565592","9,7",Q3
2015,CCZ16,"18,10884354","1,933558995","10,7",Q4
2015,CCZ16,"33,19047619","2,715509395","8,2",Q5
2016,CCZ16,"10,55989384","2,407325576","22,8",Q1
2016,CCZ16,"12,76476293","1,828322405","14,3",Q2
2016,CCZ16,"18,92002246","1,699734348",9,Q3
2016,CCZ16,"25,80513449","1,869082036","7,2",Q4
2016,CCZ16,"31,95018629","4,110610026","12,9",Q5
2017,CCZ16,"13,03140979","1,953042961",15,Q1
2017,CCZ16,"12,39590942","1,459365553","11,8",Q2
2017,CCZ16,"21,24908692","2,135738349","10,1",Q3
2017,CCZ16,"24,02483565","2,261117584","9,4",Q4
2017,CCZ16,"29,29875822","3,074381498","10,5",Q5
2018,CCZ16,"16,08611687","2,382863924","14,8",Q1
2018,CCZ16,"15,97167585","1,950554249","12,2",Q2
2018,CCZ16,"18,17466562","1,817430325",10,Q3
2018,CCZ16,"22,70223875","2,514241464","11,1",Q4
2018,CCZ16,"27,06530291","2,442563423",9,Q5
2019,CCZ16,"11,44615767","1,681507557","14,7",Q1
2019,CCZ16,"17,37130067","1,909628133",11,Q2
2019,CCZ16,"17,45212634","1,605789739","9,2",Q3
2019,CCZ16,"23,66326784","2,089890067","8,8",Q4
2019,CCZ16,"30,06714748","2,742025537","9,1",Q5
2022,CCZ16,"15,15398735","3,521774702","23,2",Q1
2022,CCZ16,"15,60269223","1,927861306","12,4",Q2
2022,CCZ16,"23,76096268","3,772786691","15,9",Q3
2022,CCZ16,"22,38425454","3,113508139","13,9",Q4
2022,CCZ16,"23,0981032","3,868256369","16,7",Q5
2009,CCZ17,"34,92069515","1,497066203","4,3",Q1
2009,CCZ17,"27,13440085","1,43133536","5,3",Q2
2009,CCZ17,"18,49055172","1,180198862","6,4",Q3
2009,CCZ17,"14,64293845","1,106465787","7,6",Q4
2009,CCZ17,"4,811413827","0,6764665717","14,1",Q5
2010,CCZ17,"31,73631408","1,612434774","5,1",Q1
2010,CCZ17,"28,26842563","1,547488685","5,5",Q2
2010,CCZ17,"21,47878979","1,288295232",6,Q3
2010,CCZ17,"13,06975275","1,272957202","9,7",Q4
2010,CCZ17,"5,44671775","0,7649827831",14,Q5
2011,CCZ17,"36,31165694","1,758284647","4,8",Q1
2011,CCZ17,"25,72579022","1,460316284","5,7",Q2
2011,CCZ17,"19,05778136","1,315064002","6,9",Q3
2011,CCZ17,"13,56150594","1,062520167","7,8",Q4
2011,CCZ17,"5,343265553","0,7816157559","14,6",Q5
2012,CCZ17,"33,80208541","1,717711519","5,1",Q1
2012,CCZ17,"23,75054932","1,291528826","5,4",Q2
2012,CCZ17,"20,23890376","1,225640851","6,1",Q3
2012,CCZ17,"15,48479885","1,192867739","7,7",Q4
2012,CCZ17,"6,723662658","0,8706490867","12,9",Q5
2013,CCZ17,"33,62879689","1,760770136","5,2",Q1
2013,CCZ17,"23,61906821","1,340851384","5,7",Q2
2013,CCZ17,"21,46074298","1,366842847","6,4",Q3
2013,CCZ17,"15,50823334","1,389863629",9,Q4
2013,CCZ17,"5,783158577","0,8598544136","14,9",Q5
2014,CCZ17,"33,03311924","1,759152712","5,3",Q1
2014,CCZ17,"24,93810327","1,289587457","5,2",Q2
2014,CCZ17,"22,2146471","1,348455961","6,1",Q3
2014,CCZ17,"12,93910797","1,098706957","8,5",Q4
2014,CCZ17,"6,875022426","0,8858459728","12,9",Q5
2015,CCZ17,"30,47878697","1,840464715",6,Q1
2015,CCZ17,"24,60785778","1,430569168","5,8",Q2
2015,CCZ17,"21,96369883","1,483524149","6,8",Q3
2015,CCZ17,"14,70720048","1,265463031","8,6",Q4
2015,CCZ17,"8,242455931","0,9992047838","12,1",Q5
2016,CCZ17,"32,74566763","2,036234058","6,2",Q1
2016,CCZ17,"26,11940299","1,829280627",7,Q2
2016,CCZ17,"19,36291696","1,481557898","7,7",Q3
2016,CCZ17,"14,72002404","1,887804439","12,8",Q4
2016,CCZ17,"7,05198838","1,237901835","17,6",Q5
2017,CCZ17,"30,47042455","1,845684448","6,1",Q1
2017,CCZ17,"26,3227165","1,455947409","5,5",Q2
2017,CCZ17,"25,31869289","1,523613722",6,Q3
2017,CCZ17,"12,85300643","1,215521092","9,5",Q4
2017,CCZ17,"5,035159628","0,8197443298","16,3",Q5
2018,CCZ17,"29,25252372","1,711447655","5,9",Q1
2018,CCZ17,"26,50761844","1,576996875","5,9",Q2
2018,CCZ17,"23,18802223","1,429571935","6,2",Q3
2018,CCZ17,"15,11210254","1,359700583",9,Q4
2018,CCZ17,"5,939733071","1,027301958","17,3",Q5
2019,CCZ17,"30,17071228","1,775015348","5,9",Q1
2019,CCZ17,"26,68028671","1,555435657","5,8",Q2
2019,CCZ17,"19,75137643","1,412244052","7,2",Q3
2019,CCZ17,"16,65570137","1,420279924","8,5",Q4
2019,CCZ17,"6,741923197","1,021989122","15,2",Q5
2022,CCZ17,"39,38001141","3,326337324","8,4",Q1
2022,CCZ17,"24,7324454","2,183118611","8,8",Q2
2022,CCZ17,"17,2476264","2,596360703","15,1",Q3
2022,CCZ17,"13,14120844","1,64188288","12,5",Q4
2022,CCZ17,"5,498708357","1,300912193","23,7",Q5
2009,CCZ18,"32,84454756","2,285410798",7,Q1
2009,CCZ18,"30,02320186","1,94002177","6,5",Q2
2009,CCZ18,"16,82598608","1,64990583","9,8",Q3
2009,CCZ18,"14,9512761","1,718427158","11,5",Q4
2009,CCZ18,"5,354988399","1,050303785","19,6",Q5
2010,CCZ18,"34,25066031","2,282096815","6,7",Q1
2010,CCZ18,"29,35162307","2,25556426","7,7",Q2
2010,CCZ18,"20,21811366","1,938633346","9,6",Q3
2010,CCZ18,"12,87381784","1,369505331","10,6",Q4
2010,CCZ18,"3,305785124","0,8288462842","25,1",Q5
2011,CCZ18,"38,01022414","2,447747964","6,4",Q1
2011,CCZ18,"28,28155722","2,215315711","7,8",Q2
2011,CCZ18,"18,64726701","1,929633817","10,3",Q3
2011,CCZ18,"12,08808494","1,584606174","13,1",Q4
2011,CCZ18,"2,972866693","0,8472035183","28,5",Q5
2012,CCZ18,"32,7113164","2,829468926","8,6",Q1
2012,CCZ18,"26,58660508","2,112675025","7,9",Q2
2012,CCZ18,"19,38106236","2,434023356","12,6",Q3
2012,CCZ18,"13,95842956","1,814034176",13,Q4
2012,CCZ18,"7,362586605","1,398944528",19,Q5
2013,CCZ18,"35,30419242","2,45944058",7,Q1
2013,CCZ18,"25,66088316","2,064325059",8,Q2
2013,CCZ18,"19,91957703","1,90964462","9,6",Q3
2013,CCZ18,"13,50807953","1,771442372","13,1",Q4
2013,CCZ18,"5,607267853","1,150136125","20,5",Q5
2014,CCZ18,"28,17805678","2,255180005",8,Q1
2014,CCZ18,"28,76301898","2,157986372","7,5",Q2
2014,CCZ18,"22,77072336","1,880453979","8,3",Q3
2014,CCZ18,"12,56241975","1,450502453","11,5",Q4
2014,CCZ18,"7,725781139","1,179511284","15,3",Q5
2015,CCZ18,"35,8329028","2,523855713",7,Q1
2015,CCZ18,"23,62535981","1,944775279","8,2",Q2
2015,CCZ18,"20,12694664","1,94796994","9,7",Q3
2015,CCZ18,"14,45125101","1,695003078","11,7",Q4
2015,CCZ18,"5,963539745","1,286878897","21,6",Q5
2016,CCZ18,"29,19443806","2,497765498","8,6",Q1
2016,CCZ18,"28,13720984","2,328572011","8,3",Q2
2016,CCZ18,"21,14456447","2,196366326","10,4",Q3
2016,CCZ18,"15,07699379","1,820456392","12,1",Q4
2016,CCZ18,"6,44679384","1,247066777","19,3",Q5
2017,CCZ18,"38,85247057","2,283218007","5,9",Q1
2017,CCZ18,"24,60703461","1,904472841","7,7",Q2
2017,CCZ18,"18,7918517","1,929839583","10,3",Q3
2017,CCZ18,"12,87798689","1,622253294","12,6",Q4
2017,CCZ18,"4,870656235","1,034787706","21,2",Q5
2018,CCZ18,"32,42412601","2,206866643","6,8",Q1
2018,CCZ18,"26,79216289","2,448171805","9,1",Q2
2018,CCZ18,"22,15904725","2,181892437","9,8",Q3
2018,CCZ18,"13,7149443","1,775121971","12,9",Q4
2018,CCZ18,"4,909719554","1,152593292","23,5",Q5
2019,CCZ18,"36,8968148","3,040901895","8,2",Q1
2019,CCZ18,"25,04291436","2,410092512","9,6",Q2
2019,CCZ18,"19,93133702","2,49731164","12,5",Q3
2019,CCZ18,"12,44516498","1,976378323","15,9",Q4
2019,CCZ18,"5,683768835","1,37566486","24,2",Q5
2022,CCZ18,"32,382276","4,848002627",15,Q1
2022,CCZ18,"28,80150425","2,309786349",8,Q2
2022,CCZ18,"20,45454545","3,59914127","17,6",Q3
2022,CCZ18,"14,90353172","2,741301273","18,4",Q4
2022,CCZ18,"3,458142577","1,47831724","42,7",Q5
2023,CCZ01,"18,97878892","2,361283645","12,4",Q1
2023,CCZ02,"16,46887866","2,019105658","12,3",Q1
2023,CCZ03,"18,45227062","2,065975768","11,2",Q1
2023,CCZ04,"12,43540263","2,481920037",20,Q1
2023,CCZ05,"5,577644829","0,7028065076","12,6",Q1
2023,CCZ06,"12,71202008","2,630565998","20,7",Q1
2023,CCZ07,"3,889647637","1,167047297",30,Q1
2023,CCZ08,"9,51981444","2,654651308","27,9",Q1
2023,CCZ09,"28,51038558","1,569498117","5,5",Q1
2023,CCZ10,"35,45357632","3,122033279","8,8",Q1
2023,CCZ11,"27,85714286","1,850881248","6,6",Q1
2023,CCZ12,"28,67724868","3,190141002","11,1",Q1
2023,CCZ13,"22,21637929","2,191049739","9,9",Q1
2023,CCZ14,"24,059402","2,709324711","11,3",Q1
2023,CCZ15,"10,41151973","2,410503447","23,2",Q1
2023,CCZ16,"11,08908825","1,980707844","17,9",Q1
2023,CCZ17,"28,39555636","2,421340741","8,5",Q1
2023,CCZ18,"31,30861992","4,267666436","13,6",Q1
2023,CCZ01,"18,76069107","1,753990218","9,3",Q2
2023,CCZ02,"17,84128522","1,80469218","10,1",Q2
2023,CCZ03,"14,17361755","1,345645372","9,5",Q2
2023,CCZ04,"13,67828874","2,294464027","16,8",Q2
2023,CCZ05,"9,717216008","0,8617927752","8,9",Q2
2023,CCZ06,"25,97513931","3,5045688","13,5",Q2
2023,CCZ07,"9,625785305","1,66595094","17,3",Q2
2023,CCZ08,"10,35384691","2,025689463","19,6",Q2
2023,CCZ09,"26,32173586","1,407996212","5,3",Q2
2023,CCZ10,"26,11300066","2,078952781",8,Q2
2023,CCZ11,"25,96925384","1,387373619","5,3",Q2
2023,CCZ12,"22,37816764","2,258818499","10,1",Q2
2023,CCZ13,"22,88339653","1,797480636","7,9",Q2
2023,CCZ14,"22,79332723","2,289804293",10,Q2
2023,CCZ15,"11,25149996","2,578552281","22,9",Q2
2023,CCZ16,"15,5643647","2,027788564",13,Q2
2023,CCZ17,"26,58532144","1,981132551","7,5",Q2
2023,CCZ18,"32,92392437","3,437184668","10,4",Q2
2023,CCZ01,"21,45484092","2,076455616","9,7",Q3
2023,CCZ02,"17,98390786","1,376564156","7,7",Q3
2023,CCZ03,"19,91967871","1,838433502","9,2",Q3
2023,CCZ04,"17,2107019","2,591671231","15,1",Q3
2023,CCZ05,"14,68358664","1,267386301","8,6",Q3
2023,CCZ06,"20,53762782","3,066819357","14,9",Q3
2023,CCZ07,"12,3736684","1,870131514","15,1",Q3
2023,CCZ08,"10,41800326","2,276387628","21,9",Q3
2023,CCZ09,"21,23033692","1,403295241","6,6",Q3
2023,CCZ10,"19,4476877","2,397156396","12,3",Q3
2023,CCZ11,"22,48406449","1,490432286","6,6",Q3
2023,CCZ12,"22,02172097","2,805920737","12,7",Q3
2023,CCZ13,"23,44800864","1,858727632","7,9",Q3
2023,CCZ14,"25,14631524","2,357753963","9,4",Q3
2023,CCZ15,"24,75471165","2,728586186",11,Q3
2023,CCZ16,"20,79073649","2,576378366","12,4",Q3
2023,CCZ17,"24,85885995","2,238178278",9,Q3
2023,CCZ18,"18,85514367","3,142575476","16,7",Q3
2023,CCZ01,"20,2745467","1,938666183","9,6",Q4
2023,CCZ02,"22,20876726","1,523694569","6,9",Q4
2023,CCZ03,"23,12635156","2,041890679","8,8",Q4
2023,CCZ04,"22,28691045","2,883309223","12,9",Q4
2023,CCZ05,"25,69023819","1,670833196","6,5",Q4
2023,CCZ06,"21,55409957","2,445205543","11,3",Q4
2023,CCZ07,"26,37530729","3,001930269","11,4",Q4
2023,CCZ08,"12,69308592","2,248760131","17,7",Q4
2023,CCZ09,"17,41214983","1,32465693","7,6",Q4
2023,CCZ10,"14,64541347","2,170190842","14,8",Q4
2023,CCZ11,"16,84289464","1,559806031","9,3",Q4
2023,CCZ12,"19,2481203","2,621871078","13,6",Q4
2023,CCZ13,"19,29921674","1,868158359","9,7",Q4
2023,CCZ14,"18,05151889","2,13846597","11,8",Q4
2023,CCZ15,"26,14526717","2,687231153","10,3",Q4
2023,CCZ16,"27,22720634","3,017568978","11,1",Q4
2023,CCZ17,"15,9752322","1,970383052","12,3",Q4
2023,CCZ18,"12,70656543","2,621342609","20,6",Q4
2023,CCZ01,"20,5311324","2,713578362","13,2",Q5
2023,CCZ02,"25,497161","2,30281141",9,Q5
2023,CCZ03,"24,32808156","2,503302579","10,3",Q5
2023,CCZ04,"34,38869628","3,456194229","10,1",Q5
2023,CCZ05,"44,33131433","2,059591094","4,6",Q5
2023,CCZ06,"19,22111322","3,322142719","17,3",Q5
2023,CCZ07,"47,73559137","3,808197797",8,Q5
2023,CCZ08,"57,01524947","6,175805435","10,8",Q5
2023,CCZ09,"6,525391813","0,8605423009","13,2",Q5
2023,CCZ10,"4,340321844","1,260042567",29,Q5
2023,CCZ11,"6,846644169","1,010724969","14,8",Q5
2023,CCZ12,"7,674742412","2,420938858","31,5",Q5
2023,CCZ13,"12,15299881","1,814021558","14,9",Q5
2023,CCZ14,"9,949436637","1,794113041",18,Q5
2023,CCZ15,"27,43700148","3,762990703","13,7",Q5
2023,CCZ16,"25,32860421","3,17552713","12,5",Q5
2023,CCZ17,"4,185030049","1,036205548","24,8",Q5
2023,CCZ18,"4,205746613","1,19807689","28,5",Q5
2024,CCZ01,"12,94370534","2,093583043","16,2",Q1
2024,CCZ02,"12,57210965","1,312365026","10,4",Q1
2024,CCZ03,"17,16875645","1,771690534","10,3",Q1
2024,CCZ04,"15,27242354","3,294827644","21,6",Q1
2024,CCZ05,"5,521361984","0,8401047939","15,2",Q1
2024,CCZ06,"21,19469657","2,672923766","12,6",Q1
2024,CCZ07,"6,393425125","1,29634352","20,3",Q1
2024,CCZ08,"9,739952719","1,819846324","18,7",Q1
2024,CCZ09,"28,72685888","1,547179319","5,4",Q1
2024,CCZ10,"30,49193658","3,242246719","10,6",Q1
2024,CCZ11,"28,21764086","2,014799468","7,1",Q1
2024,CCZ12,"29,38907044","3,067086471","10,4",Q1
2024,CCZ13,"21,55537014","2,052637019","9,5",Q1
2024,CCZ14,"24,70287721","3,008196807","12,2",Q1
2024,CCZ15,"17,02973577","3,190327586","18,7",Q1
2024,CCZ16,"10,73198847","2,614365183","24,4",Q1
2024,CCZ17,"31,19242135","3,25938174","10,4",Q1
2024,CCZ18,"36,5653428","3,392331618","9,3",Q1
2024,CCZ01,"19,77575089","2,781941802","14,1",Q2
2024,CCZ02,"14,30274136","1,295772663","9,1",Q2
2024,CCZ03,"17,53786028","1,567933087","8,9",Q2
2024,CCZ04,"12,94654331","2,309746388","17,8",Q2
2024,CCZ05,"10,05830904","1,283413131","12,8",Q2
2024,CCZ06,"21,60338355","2,204548642","10,2",Q2
2024,CCZ07,"12,50933931","1,951133966","15,6",Q2
2024,CCZ08,"13,20094563","2,415029949","18,3",Q2
2024,CCZ09,"25,37632777","1,368607717","5,4",Q2
2024,CCZ10,"35,4316303","3,423268743","9,7",Q2
2024,CCZ11,"27,1298665","1,835441318","6,8",Q2
2024,CCZ12,"20,22058824","2,136109468","10,6",Q2
2024,CCZ13,"22,91049285","2,179071238","9,5",Q2
2024,CCZ14,"23,36183347","2,154041966","9,2",Q2
2024,CCZ15,"18,52894889","2,19030483","11,8",Q2
2024,CCZ16,"17,09510086","2,544124039","14,9",Q2
2024,CCZ17,"25,03911003","2,190848374","8,7",Q2
2024,CCZ18,"24,61726204","3,462829451","14,1",Q2
2024,CCZ01,"21,75100215","2,556282957","11,8",Q3
2024,CCZ02,"21,42789035","1,621640318","7,6",Q3
2024,CCZ03,"18,99799164","1,728299444","9,1",Q3
2024,CCZ04,"21,85170907","2,909874418","13,3",Q3
2024,CCZ05,"12,71640932","1,148824706",9,Q3
2024,CCZ06,"19,65974433","2,161769811",11,Q3
2024,CCZ07,"15,62066389","2,044497711","13,1",Q3
2024,CCZ08,"18,56737589","2,156386081","11,6",Q3
2024,CCZ09,"20,88163885","1,371838834","6,6",Q3
2024,CCZ10,"19,58937525","3,17993197","16,2",Q3
2024,CCZ11,"21,36423243","1,65898813","7,8",Q3
2024,CCZ12,"22,444626","2,152390724","9,6",Q3
2024,CCZ13,"23,36220042","1,882243088","8,1",Q3
2024,CCZ14,"25,07538936","2,762805151",11,Q3
2024,CCZ15,"22,88577818","3,229893382","14,1",Q3
2024,CCZ16,"17,28530259","2,55267104","14,8",Q3
2024,CCZ17,"23,45298105","2,690403307","11,5",Q3
2024,CCZ18,"17,24539605","2,480932011","14,4",Q3
2024,CCZ01,"23,72044385","2,482061795","10,5",Q4
2024,CCZ02,"22,7794994","1,593930698",7,Q4
2024,CCZ03,"23,44352168","1,979902286","8,4",Q4
2024,CCZ04,"25,64893344","2,588622832","10,1",Q4
2024,CCZ05,"20,93546413","1,382739359","6,6",Q4
2024,CCZ06,"22,73915316","2,417985321","10,6",Q4
2024,CCZ07,"23,29490874","2,591845552","11,1",Q4
2024,CCZ08,"24,71394799","2,69738885","10,9",Q4
2024,CCZ09,"17,40212443","1,304613585","7,5",Q4
2024,CCZ10,"10,18430682","2,73214444","26,8",Q4
2024,CCZ11,"17,49252961","1,644419154","9,4",Q4
2024,CCZ12,"16,79375454","1,633811354","9,7",Q4
2024,CCZ13,"20,71812872","1,899155385","9,2",Q4
2024,CCZ14,"17,64288502","1,71643797","9,7",Q4
2024,CCZ15,"21,53565808","2,568174161","11,9",Q4
2024,CCZ16,"22,68587896","2,534032248","11,2",Q4
2024,CCZ17,"16,1524422","2,617948218","16,2",Q4
2024,CCZ18,"14,22786776","2,967195502","20,9",Q4
2024,CCZ01,"21,80909777","3,492265822",16,Q5
2024,CCZ02,"28,91775924","2,01966158",7,Q5
2024,CCZ03,"22,85186995","1,940481309","8,5",Q5
2024,CCZ04,"24,28039065","3,401796336",14,Q5
2024,CCZ05,"50,76845553","2,235243086","4,4",Q5
2024,CCZ06,"14,80302238","2,627941338","17,8",Q5
2024,CCZ07,"42,18166293","3,664182386","8,7",Q5
2024,CCZ08,"33,77777778","4,298602223","12,7",Q5
2024,CCZ09,"7,613050076","1,079615422","14,2",Q5
2024,CCZ10,"4,30275105","1,483276106","34,5",Q5
2024,CCZ11,"5,795730593","1,142786851","19,7",Q5
2024,CCZ12,"11,15196078","2,733183007","24,5",Q5
2024,CCZ13,"11,45380787","1,69456558","14,8",Q5
2024,CCZ14,"9,217014936","2,021632136","21,9",Q5
2024,CCZ15,"20,01987907","3,887876678","19,4",Q5
2024,CCZ16,"32,20172911","4,811094924","14,9",Q5
2024,CCZ17,"4,163045368","1,382520099","33,2",Q5
2024,CCZ18,"7,344131351","1,921876486","26,2",Q5