año,ccz,est,se,cv,rango
2009,CCZ01,"4,842080817","0,7831378261","16,2",Menos de 6 años
2009,CCZ01,"22,59637715","1,717334932","7,6",de 6 a 9 años
2009,CCZ01,"26,85787274","1,781839846","6,6",de 10 a 12 años
2009,CCZ01,"45,7036693","2,027643068","4,4",12 o más años
2010,CCZ01,"4,417417245","0,8587713036","19,4",Menos de 6 años
2010,CCZ01,"23,49262808","1,780789069","7,6",de 6 a 9 años
2010,CCZ01,"25,51201882","1,813789334","7,1",de 10 a 12 años
2010,CCZ01,"46,57793586","2,142075988","4,6",12 o más años
2011,CCZ01,"3,796974134","0,6799344549","17,9",Menos de 6 años
2011,CCZ01,"17,40849195","1,454101186","8,4",de 6 a 9 años
2011,CCZ01,"25,9931674","1,465112337","5,6",de 10 a 12 años
2011,CCZ01,"52,80136652","1,799287296","3,4",12 o más años
2012,CCZ01,"3,092580174","0,5046578833","16,3",Menos de 6 años
2012,CCZ01,"17,42732042","1,297166439","7,4",de 6 a 9 años
2012,CCZ01,"27,55315372","1,322651683","4,8",de 10 a 12 años
2012,CCZ01,"51,92694568","1,813450249","3,5",12 o más años
2013,CCZ01,"2,969592792","0,5822239307","19,6",Menos de 6 años
2013,CCZ01,"19,26975283","1,665797833","8,6",de 6 a 9 años
2013,CCZ01,"21,26726335","1,669366325","7,8",de 10 a 12 años
2013,CCZ01,"56,49339103","2,138961713","3,8",12 o más años
2014,CCZ01,"2,576146434","0,5775770332","22,4",Menos de 6 años
2014,CCZ01,"17,84901458","1,499935362","8,4",de 6 a 9 años
2014,CCZ01,"24,41528255","1,499687132","6,1",de 10 a 12 años
2014,CCZ01,"55,15955644","2,124016246","3,9",12 o más años
2015,CCZ01,"3,193046661","0,6332938518","19,8",Menos de 6 años
2015,CCZ01,"13,47209515","1,222211665","9,1",de 6 a 9 años
2015,CCZ01,"25,21957914","1,607221013","6,4",de 10 a 12 años
2015,CCZ01,"58,11527905","1,964453137","3,4",12 o más años
2016,CCZ01,"2,468069633","0,7278882554","29,5",Menos de 6 años
2016,CCZ01,"19,04004363","3,118697724","16,4",de 6 a 9 años
2016,CCZ01,"24,68978683","1,471832658",6,de 10 a 12 años
2016,CCZ01,"53,8020999","3,484053317","6,5",12 o más años
2017,CCZ01,"1,843317972","0,4136199823","22,4",Menos de 6 años
2017,CCZ01,"14,21249838","1,48353576","10,4",de 6 a 9 años
2017,CCZ01,"23,8554632","1,643501083","6,9",de 10 a 12 años
2017,CCZ01,"60,08872044","2,018363614","3,4",12 o más años
2018,CCZ01,"1,006454901","0,2970357751","29,5",Menos de 6 años
2018,CCZ01,"16,22643112","1,460976459",9,de 6 a 9 años
2018,CCZ01,"21,62391711","1,498765648","6,9",de 10 a 12 años
2018,CCZ01,"61,14319687","2,097722283","3,4",12 o más años
2019,CCZ01,"1,893373194","0,5174770049","27,3",Menos de 6 años
2019,CCZ01,"12,78857333","1,548357411","12,1",de 6 a 9 años
2019,CCZ01,"22,19315728","1,573538603","7,1",de 10 a 12 años
2019,CCZ01,"63,1248962","2,004642612","3,2",12 o más años
2022,CCZ01,"1,447740113","0,6237093772","43,1",Menos de 6 años
2022,CCZ01,"8,610774818","1,553634663",18,de 6 a 9 años
2022,CCZ01,"22,29620662","2,140485919","9,6",de 10 a 12 años
2022,CCZ01,"67,64527845","2,549350764","3,8",12 o más años
2009,CCZ02,"4,53191372","0,5907329495",13,Menos de 6 años
2009,CCZ02,"18,34832019","1,082576897","5,9",de 6 a 9 años
2009,CCZ02,"24,09940972","1,108805341","4,6",de 10 a 12 años
2009,CCZ02,"53,02035637","1,385289826","2,6",12 o más años
2010,CCZ02,"3,836780169","0,543490009","14,2",Menos de 6 años
2010,CCZ02,"17,77731356","1,159151054","6,5",de 6 a 9 años
2010,CCZ02,"23,6195251","1,192053801",5,de 10 a 12 años
2010,CCZ02,"54,76638117","1,551769856","2,8",12 o más años
2011,CCZ02,"2,660026253","0,3933068991","14,8",Menos de 6 años
2011,CCZ02,"15,73623658","1,023213767","6,5",de 6 a 9 años
2011,CCZ02,"23,8244151","1,10476489","4,6",de 10 a 12 años
2011,CCZ02,"57,77932206","1,460690421","2,5",12 o más años
2012,CCZ02,"1,925188664","0,3291174247","17,1",Menos de 6 años
2012,CCZ02,"16,22859279","1,041491112","6,4",de 6 a 9 años
2012,CCZ02,"22,4644284","1,086738295","4,8",de 10 a 12 años
2012,CCZ02,"59,38179015","1,47715958","2,5",12 o más años
2013,CCZ02,"2,930667993","0,4813901492","16,4",Menos de 6 años
2013,CCZ02,"13,18122202","0,8701632075","6,6",de 6 a 9 años
2013,CCZ02,"22,51368097","1,040896265","4,6",de 10 a 12 años
2013,CCZ02,"61,37442902","1,302685597","2,1",12 o más años
2014,CCZ02,"2,277027608","0,3849511532","16,9",Menos de 6 años
2014,CCZ02,"14,16100456","0,8789957583","6,2",de 6 a 9 años
2014,CCZ02,"20,85232648","1,031002223","4,9",de 10 a 12 años
2014,CCZ02,"62,70964135","1,338873551","2,1",12 o más años
2015,CCZ02,"2,714455428","0,4319504777","15,9",Menos de 6 años
2015,CCZ02,"14,76251317","0,9754290248","6,6",de 6 a 9 años
2015,CCZ02,"21,23147961","1,080235662","5,1",de 10 a 12 años
2015,CCZ02,"61,29155179","1,476696287","2,4",12 o más años
2016,CCZ02,"2,026492163","0,3481747464","17,2",Menos de 6 años
2016,CCZ02,"14,26988232","1,206687066","8,5",de 6 a 9 años
2016,CCZ02,"25,05936989","1,278487805","5,1",de 10 a 12 años
2016,CCZ02,"58,64425563","1,861804683","3,2",12 o más años
2017,CCZ02,"1,463805461","0,2780117343",19,Menos de 6 años
2017,CCZ02,"13,83252853","1,144342188","8,3",de 6 a 9 años
2017,CCZ02,"21,28581018","1,194866064","5,6",de 10 a 12 años
2017,CCZ02,"63,41785583","1,509537571","2,4",12 o más años
2018,CCZ02,"1,238963258","0,2621018326","21,2",Menos de 6 años
2018,CCZ02,"11,93154847","0,9662630844","8,1",de 6 a 9 años
2018,CCZ02,"22,56954334","1,143026161","5,1",de 10 a 12 años
2018,CCZ02,"64,25994493","1,507019242","2,3",12 o más años
2019,CCZ02,"1,568813882","0,341698438","21,8",Menos de 6 años
2019,CCZ02,"11,49275018","0,9655373089","8,4",de 6 a 9 años
2019,CCZ02,"20,82481578","1,280231531","6,1",de 10 a 12 años
2019,CCZ02,"66,11362016","1,733924544","2,6",12 o más años
2022,CCZ02,"1,111284614","0,5717150071","51,4",Menos de 6 años
2022,CCZ02,"9,20518426","1,358884635","14,8",de 6 a 9 años
2022,CCZ02,"19,82615032","1,479938494","7,5",de 10 a 12 años
2022,CCZ02,"69,8573808","2,015540107","2,9",12 o más años
2009,CCZ03,"6,770774289","0,7061495575","10,4",Menos de 6 años
2009,CCZ03,"30,49257454","1,308711777","4,3",de 6 a 9 años
2009,CCZ03,"29,01881873","1,27760147","4,4",de 10 a 12 años
2009,CCZ03,"33,71783245","1,426524472","4,2",12 o más años
2010,CCZ03,"6,449002459","0,7762621342",12,Menos de 6 años
2010,CCZ03,"30,1752311","1,415691667","4,7",de 6 a 9 años
2010,CCZ03,"27,74440537","1,380354021",5,de 10 a 12 años
2010,CCZ03,"35,63136108","1,521072547","4,3",12 o más años
2011,CCZ03,"4,97704122","0,5741892387","11,5",Menos de 6 años
2011,CCZ03,"26,55301631","1,419643567","5,3",de 6 a 9 años
2011,CCZ03,"28,54013828","1,325202712","4,6",de 10 a 12 años
2011,CCZ03,"39,92980419","1,378329272","3,5",12 o más años
2012,CCZ03,"6,06884058","0,7822811928","12,9",Menos de 6 años
2012,CCZ03,"28,31219807","1,431337858","5,1",de 6 a 9 años
2012,CCZ03,"27,53321256","1,375457928",5,de 10 a 12 años
2012,CCZ03,"38,08574879","1,64940305","4,3",12 o más años
2013,CCZ03,"4,015153775","0,5438674641","13,5",Menos de 6 años
2013,CCZ03,"25,44819974","1,225486159","4,8",de 6 a 9 años
2013,CCZ03,"29,96450198","1,290690365","4,3",de 10 a 12 años
2013,CCZ03,"40,5721445","1,504541414","3,7",12 o más años
2014,CCZ03,"4,86898877","0,5821365812",12,Menos de 6 años
2014,CCZ03,"27,55664771","1,379976055",5,de 6 a 9 años
2014,CCZ03,"25,8536446","1,224632643","4,7",de 10 a 12 años
2014,CCZ03,"41,72071892","1,657904743",4,12 o más años
2015,CCZ03,"4,763822565","0,56765552","11,9",Menos de 6 años
2015,CCZ03,"27,39197975","1,379368212",5,de 6 a 9 años
2015,CCZ03,"27,20787066","1,299131719","4,8",de 10 a 12 años
2015,CCZ03,"40,63632702","1,497445341","3,7",12 o más años
2016,CCZ03,"4,914279484","0,7443711865","15,1",Menos de 6 años
2016,CCZ03,"27,44146747","1,513076974","5,5",de 6 a 9 años
2016,CCZ03,"26,72463136","1,396976243","5,2",de 10 a 12 años
2016,CCZ03,"40,91962168","2,081880533","5,1",12 o más años
2017,CCZ03,"3,364102564","0,6445302985","19,2",Menos de 6 años
2017,CCZ03,"23,44322344","1,396839935",6,de 6 a 9 años
2017,CCZ03,"30,9978022","1,357295547","4,4",de 10 a 12 años
2017,CCZ03,"42,19487179","1,652814056","3,9",12 o más años
2018,CCZ03,"4,010186302","0,5947438144","14,8",Menos de 6 años
2018,CCZ03,"23,16847608","1,284648738","5,5",de 6 a 9 años
2018,CCZ03,"28,72269133","1,452074035","5,1",de 10 a 12 años
2018,CCZ03,"44,09864629","1,660097516","3,8",12 o más años
2019,CCZ03,"2,196538609","0,426711152","19,4",Menos de 6 años
2019,CCZ03,"23,21549665","1,345492346","5,8",de 6 a 9 años
2019,CCZ03,"24,96093404","1,447503811","5,8",de 10 a 12 años
2019,CCZ03,"49,62703069","1,656386409","3,3",12 o más años
2022,CCZ03,"1,521888203","0,4564439763",30,Menos de 6 años
2022,CCZ03,"19,4328312","1,564457185","8,1",de 6 a 9 años
2022,CCZ03,"29,78078616","1,85878673","6,2",de 10 a 12 años
2022,CCZ03,"49,26449444","1,993388469",4,12 o más años
2009,CCZ04,"4,422636572","0,8598564767","19,4",Menos de 6 años
2009,CCZ04,"22,96368989","1,857492081","8,1",de 6 a 9 años
2009,CCZ04,"23,7160615","1,807449069","7,6",de 10 a 12 años
2009,CCZ04,"48,89761204","1,983142541","4,1",12 o más años
2010,CCZ04,"4,948702474","1,009019451","20,4",Menos de 6 años
2010,CCZ04,"22,66143633","1,783298634","7,9",de 6 a 9 años
2010,CCZ04,"24,35727218","1,921100605","7,9",de 10 a 12 años
2010,CCZ04,"48,03258902","2,184564521","4,5",12 o más años
2011,CCZ04,"3,584638816","0,7675423454","21,4",Menos de 6 años
2011,CCZ04,"18,91318538","1,700163019",9,de 6 a 9 años
2011,CCZ04,"25,28829417","1,738342387","6,9",de 10 a 12 años
2011,CCZ04,"52,21388164","2,479015875","4,7",12 o más años
2012,CCZ04,"3,100485618","0,7304154774","23,6",Menos de 6 años
2012,CCZ04,"18,42236334","1,922898061","10,4",de 6 a 9 años
2012,CCZ04,"26,03660814","1,636892301","6,3",de 10 a 12 años
2012,CCZ04,"52,4405429","2,359611503","4,5",12 o más años
2013,CCZ04,"4,197547058","0,8409808757",20,Menos de 6 años
2013,CCZ04,"16,18023218","1,699862707","10,5",de 6 a 9 años
2013,CCZ04,"24,21459959","1,729526427","7,1",de 10 a 12 años
2013,CCZ04,"55,40762117","2,421335664","4,4",12 o más años
2014,CCZ04,"2,541423433","0,6000731323","23,6",Menos de 6 años
2014,CCZ04,"17,7958606","1,466399257","8,2",de 6 a 9 años
2014,CCZ04,"22,06498025","1,684228147","7,6",de 10 a 12 años
2014,CCZ04,"57,59773572","1,983321585","3,4",12 o más años
2015,CCZ04,"3,050293926","0,7225226022","23,7",Menos de 6 años
2015,CCZ04,"17,0019595","1,654270142","9,7",de 6 a 9 años
2015,CCZ04,"25,88504246","1,709551863","6,6",de 10 a 12 años
2015,CCZ04,"54,06270411","2,377950926","4,4",12 o más años
2016,CCZ04,"1,720197281","0,5078997762","29,5",Menos de 6 años
2016,CCZ04,"16,79898953","1,706681091","10,2",de 6 a 9 años
2016,CCZ04,"21,78515578","1,481963518","6,8",de 10 a 12 años
2016,CCZ04,"59,6956574","2,301035966","3,9",12 o más años
2017,CCZ04,"1,864992151","0,4582968532","24,6",Menos de 6 años
2017,CCZ04,"18,73783359","1,67183625","8,9",de 6 a 9 años
2017,CCZ04,"24,53375196","2,278057469","9,3",de 10 a 12 años
2017,CCZ04,"54,86342229","2,347795783","4,3",12 o más años
2018,CCZ04,"1,519718664","0,5626970555",37,Menos de 6 años
2018,CCZ04,"18,14870636","1,869645672","10,3",de 6 a 9 años
2018,CCZ04,"20,3529264","1,821829691",9,de 10 a 12 años
2018,CCZ04,"59,97864858","2,361822731","3,9",12 o más años
2019,CCZ04,"2,305366591","0,6429912808","27,9",Menos de 6 años
2019,CCZ04,"15,50768456","1,793578085","11,6",de 6 a 9 años
2019,CCZ04,"26,17787856","1,936185005","7,4",de 10 a 12 años
2019,CCZ04,"56,00907029","2,614247379","4,7",12 o más años
2022,CCZ04,"1,404760829","0,6031025233","42,9",Menos de 6 años
2022,CCZ04,"8,157550025","1,307544001",16,de 6 a 9 años
2022,CCZ04,"18,79036994","1,877977918",10,de 10 a 12 años
2022,CCZ04,"71,64731921","2,290769408","3,2",12 o más años
2009,CCZ05,"2,441903357","0,4054696547","16,6",Menos de 6 años
2009,CCZ05,"14,72273454","0,865389017","5,9",de 6 a 9 años
2009,CCZ05,"22,72224271","0,9890182828","4,4",de 10 a 12 años
2009,CCZ05,"60,11311939","1,24095256","2,1",12 o más años
2010,CCZ05,"2,673045047","0,3677914624","13,8",Menos de 6 años
2010,CCZ05,"11,67621326","0,8062802791","6,9",de 6 a 9 años
2010,CCZ05,"23,84339397","0,9735325755","4,1",de 10 a 12 años
2010,CCZ05,"61,80734773","1,25513698",2,12 o más años
2011,CCZ05,"1,497251549","0,2539660913",17,Menos de 6 años
2011,CCZ05,"10,80184975","0,7516612252",7,de 6 a 9 años
2011,CCZ05,"22,12023384","0,9071615254","4,1",de 10 a 12 años
2011,CCZ05,"65,58066486","1,117596575","1,7",12 o más años
2012,CCZ05,"1,455885647","0,2995159908","20,6",Menos de 6 años
2012,CCZ05,"12,03192767","0,9016056837","7,5",de 6 a 9 años
2012,CCZ05,"22,23941683","0,9176835788","4,1",de 10 a 12 años
2012,CCZ05,"64,27276985","1,149546331","1,8",12 o más años
2013,CCZ05,"1,590102759","0,2716924448","17,1",Menos de 6 años
2013,CCZ05,"11,87521829","0,8250925164","6,9",de 6 a 9 años
2013,CCZ05,"21,48568908","0,8883964116","4,1",de 10 a 12 años
2013,CCZ05,"65,04898987","1,156874921","1,8",12 o más años
2014,CCZ05,"1,690816993","0,3050153379",18,Menos de 6 años
2014,CCZ05,"11,23387282","0,6751830072",6,de 6 a 9 años
2014,CCZ05,"21,06284968","0,8672560251","4,1",de 10 a 12 años
2014,CCZ05,"66,01246051","1,074374026","1,6",12 o más años
2015,CCZ05,"1,159262288","0,2306260738","19,9",Menos de 6 años
2015,CCZ05,"9,679294994","0,7173234479","7,4",de 6 a 9 años
2015,CCZ05,"22,27673299","0,9010791704",4,de 10 a 12 años
2015,CCZ05,"66,88470973","1,120523531","1,7",12 o más años
2016,CCZ05,"1,081937605","0,2120538923","19,6",Menos de 6 años
2016,CCZ05,"8,951968786","0,7919085487","8,8",de 6 a 9 años
2016,CCZ05,"22,02893118","0,9104016101","4,1",de 10 a 12 años
2016,CCZ05,"67,93716243","1,339206016",2,12 o más años
2017,CCZ05,"1,236856175","0,2459840425","19,9",Menos de 6 años
2017,CCZ05,"8,012831937","0,5834019328","7,3",de 6 a 9 años
2017,CCZ05,"23,58046694","0,9616876914","4,1",de 10 a 12 años
2017,CCZ05,"67,16984495","1,146229775","1,7",12 o más años
2018,CCZ05,"1,377044597","0,2504817101","18,2",Menos de 6 años
2018,CCZ05,"7,877813505","0,6373982037","8,1",de 6 a 9 años
2018,CCZ05,"20,19257654","0,8612476383","4,3",de 10 a 12 años
2018,CCZ05,"70,55256536","1,102872229","1,6",12 o más años
2019,CCZ05,"0,8056970579","0,2175418316",27,Menos de 6 años
2019,CCZ05,"8,107218353","0,648709132",8,de 6 a 9 años
2019,CCZ05,"20,14935718","0,8630779326","4,3",de 10 a 12 años
2019,CCZ05,"70,93772741","1,062361626","1,5",12 o más años
2022,CCZ05,"0,550381033","0,215796214","39,2",Menos de 6 años
2022,CCZ05,"5,622001129","0,8152472345","14,5",de 6 a 9 años
2022,CCZ05,"17,24527237","1,312205779","7,6",de 10 a 12 años
2022,CCZ05,"76,58234547","1,583785934","2,1",12 o más años
2009,CCZ06,"11,5023813","1,112696437","9,7",Menos de 6 años
2009,CCZ06,"35,64246885","1,795582462",5,de 6 a 9 años
2009,CCZ06,"27,49314475","1,65236457",6,de 10 a 12 años
2009,CCZ06,"25,3620051","1,613529158","6,4",12 o más años
2010,CCZ06,"10,98745638","1,341951614","12,2",Menos de 6 años
2010,CCZ06,"35,05611619","1,964194158","5,6",de 6 a 9 años
2010,CCZ06,"28,14769405","1,664820834","5,9",de 10 a 12 años
2010,CCZ06,"25,80873338","1,783036282","6,9",12 o más años
2011,CCZ06,"8,011096884","0,9520960889","11,9",Menos de 6 años
2011,CCZ06,"34,43021767","1,964147641","5,7",de 6 a 9 años
2011,CCZ06,"28,39095177","1,680554852","5,9",de 10 a 12 años
2011,CCZ06,"29,16773367","1,92042184","6,6",12 o más años
2012,CCZ06,"10,1178869","1,367572936","13,5",Menos de 6 años
2012,CCZ06,"32,60946641","1,910375852","5,9",de 6 a 9 años
2012,CCZ06,"29,42740649","1,687780638","5,7",de 10 a 12 años
2012,CCZ06,"27,84524021","1,990496237","7,1",12 o más años
2013,CCZ06,"7,653198956","0,9957037544",13,Menos de 6 años
2013,CCZ06,"36,35831909","2,123321112","5,8",de 6 a 9 años
2013,CCZ06,"27,42283812","1,688217712","6,2",de 10 a 12 años
2013,CCZ06,"28,56564384","1,972655539","6,9",12 o más años
2014,CCZ06,"6,803858521","0,8605215647","12,6",Menos de 6 años
2014,CCZ06,"32,86602358","1,871373434","5,7",de 6 a 9 años
2014,CCZ06,"26,73097535","1,669588034","6,2",de 10 a 12 años
2014,CCZ06,"33,59914255","1,818036034","5,4",12 o más años
2015,CCZ06,"7,501972018","0,8775785221","11,7",Menos de 6 años
2015,CCZ06,"34,72412505","2,02167693","5,8",de 6 a 9 años
2015,CCZ06,"26,83605264","1,668193261","6,2",de 10 a 12 años
2015,CCZ06,"30,93785029","2,040792166","6,6",12 o más años
2016,CCZ06,"5,631049595","0,8419164891",15,Menos de 6 años
2016,CCZ06,"33,57505439","2,448302723","7,3",de 6 a 9 años
2016,CCZ06,"28,48630072","1,448137794","5,1",de 10 a 12 años
2016,CCZ06,"32,3075953","2,949528445","9,1",12 o más años
2017,CCZ06,"5,395872063","0,8479360272","15,7",Menos de 6 años
2017,CCZ06,"34,75380142","2,175307709","6,3",de 6 a 9 años
2017,CCZ06,"29,75832976","1,645131132","5,5",de 10 a 12 años
2017,CCZ06,"30,09199676","2,1934394","7,3",12 o más años
2018,CCZ06,"5,122264057","0,8169276657","15,9",Menos de 6 años
2018,CCZ06,"31,97484381","2,004741474","6,3",de 6 a 9 años
2018,CCZ06,"27,87455004","1,799150018","6,5",de 10 a 12 años
2018,CCZ06,"35,02834209","2,186050325","6,2",12 o más años
2019,CCZ06,"5,096276257","0,7969616752","15,6",Menos de 6 años
2019,CCZ06,"32,66629535","2,017447555","6,2",de 6 a 9 años
2019,CCZ06,"32,04567155","1,8344399","5,7",de 10 a 12 años
2019,CCZ06,"30,19175684","2,108481806",7,12 o más años
2022,CCZ06,"3,134657837","1,112655241","35,5",Menos de 6 años
2022,CCZ06,"24,30463576","3,110934869","12,8",de 6 a 9 años
2022,CCZ06,"32,70640177","2,772484809","8,5",de 10 a 12 años
2022,CCZ06,"39,85430464","3,661320037","9,2",12 o más años
2009,CCZ07,"3,340019592","0,6577063277","19,7",Menos de 6 años
2009,CCZ07,"16,06568083","1,33716836","8,3",de 6 a 9 años
2009,CCZ07,"27,92368335","1,651045212","5,9",de 10 a 12 años
2009,CCZ07,"52,67061622","1,841439021","3,5",12 o más años
2010,CCZ07,"4,635012089","0,8060155826","17,4",Menos de 6 años
2010,CCZ07,"19,56890787","1,520864117","7,8",de 6 a 9 años
2010,CCZ07,"23,6894902","1,628377233","6,9",de 10 a 12 años
2010,CCZ07,"52,10658985","1,929236438","3,7",12 o más años
2011,CCZ07,"2,104920775","0,540977285","25,7",Menos de 6 años
2011,CCZ07,"16,93694531","1,517952574",9,de 6 a 9 años
2011,CCZ07,"28,0981367","1,851100076","6,6",de 10 a 12 años
2011,CCZ07,"52,85999721","2,370179326","4,5",12 o más años
2012,CCZ07,"3,263825929","0,6917061524","21,2",Menos de 6 años
2012,CCZ07,"14,23894429","1,316121408","9,2",de 6 a 9 años
2012,CCZ07,"25,47597461","1,415973765","5,6",de 10 a 12 años
2012,CCZ07,"57,02125516","1,834239725","3,2",12 o más años
2013,CCZ07,"2,370942511","0,4959723113","20,9",Menos de 6 años
2013,CCZ07,"14,49452483","1,430793903","9,9",de 6 a 9 años
2013,CCZ07,"25,03910833","1,720974445","6,9",de 10 a 12 años
2013,CCZ07,"58,09542433","1,829757395","3,1",12 o más años
2014,CCZ07,"2,413032252","0,5002095468","20,7",Menos de 6 años
2014,CCZ07,"14,91479273","1,326480242","8,9",de 6 a 9 años
2014,CCZ07,"24,22890944","1,502548597","6,2",de 10 a 12 años
2014,CCZ07,"58,44326557","1,863736211","3,2",12 o más años
2015,CCZ07,"2,166429522","0,5065306217","23,4",Menos de 6 años
2015,CCZ07,"14,94469179","1,33040396","8,9",de 6 a 9 años
2015,CCZ07,"26,5066324","1,502306339","5,7",de 10 a 12 años
2015,CCZ07,"56,38224629","1,883220012","3,3",12 o más años
2016,CCZ07,"1,855744092","0,52215138","28,1",Menos de 6 años
2016,CCZ07,"14,4717281","2,058519749","14,2",de 6 a 9 años
2016,CCZ07,"23,14041113","1,789713756","7,7",de 10 a 12 años
2016,CCZ07,"60,53211668","3,41870454","5,6",12 o más años
2017,CCZ07,"2,289349548","0,5307104531","23,2",Menos de 6 años
2017,CCZ07,"14,7011728","1,34517173","9,2",de 6 a 9 años
2017,CCZ07,"21,27926602","1,45008105","6,8",de 10 a 12 años
2017,CCZ07,"61,73021162","2,088208169","3,4",12 o más años
2018,CCZ07,"0,7563223824","0,2779226164","36,7",Menos de 6 años
2018,CCZ07,"14,24013236","1,331111971","9,3",de 6 a 9 años
2018,CCZ07,"23,64295281","1,675282409","7,1",de 10 a 12 años
2018,CCZ07,"61,36059245","2,061408776","3,4",12 o más años
2019,CCZ07,"1,332891796","0,3255958836","24,4",Menos de 6 años
2019,CCZ07,"10,38165411","1,131640057","10,9",de 6 a 9 años
2019,CCZ07,"26,79443663","1,63259171","6,1",de 10 a 12 años
2019,CCZ07,"61,49101747","1,956499676","3,2",12 o más años
2022,CCZ07,"0,835038203","0,4399864307","52,7",Menos de 6 años
2022,CCZ07,"11,1978623","1,486367993","13,3",de 6 a 9 años
2022,CCZ07,"21,92810321","1,998848445","9,1",de 10 a 12 años
2022,CCZ07,"66,03899628","2,417546929","3,7",12 o más años
2009,CCZ08,"6,701484332","1,109592681","16,6",Menos de 6 años
2009,CCZ08,"16,64101154","1,697934355","10,2",de 6 a 9 años
2009,CCZ08,"28,74656405","1,926196737","6,7",de 10 a 12 años
2009,CCZ08,"47,91094008","2,29324847","4,8",12 o más años
2010,CCZ08,"4,566152289","0,9190410152","20,1",Menos de 6 años
2010,CCZ08,"20,14292942","2,292347881","11,4",de 6 a 9 años
2010,CCZ08,"28,88312674","2,144025687","7,4",de 10 a 12 años
2010,CCZ08,"46,40779155","2,814739953","6,1",12 o más años
2011,CCZ08,"4,106683805","1,026130426",25,Menos de 6 años
2011,CCZ08,"22,35218509","2,308548128","10,3",de 6 a 9 años
2011,CCZ08,"23,33547558","1,919818635","8,2",de 10 a 12 años
2011,CCZ08,"50,20565553","3,119115981","6,2",12 o más años
2012,CCZ08,"7,301923951","1,377261083","18,9",Menos de 6 años
2012,CCZ08,"25,82941978","2,69923351","10,5",de 6 a 9 años
2012,CCZ08,"25,48856234","2,126685275","8,3",de 10 a 12 años
2012,CCZ08,"41,38009393","3,312576256",8,12 o más años
2013,CCZ08,"5,656709648","0,9636479054",17,Menos de 6 años
2013,CCZ08,"19,02416899","2,301821542","12,1",de 6 a 9 años
2013,CCZ08,"27,20793106","1,91131529",7,de 10 a 12 años
2013,CCZ08,"48,11119031","2,923774432","6,1",12 o más años
2014,CCZ08,"6,126101322","1,129528865","18,4",Menos de 6 años
2014,CCZ08,"21,6685022","2,200623284","10,2",de 6 a 9 años
2014,CCZ08,"27,24394273","1,927343946","7,1",de 10 a 12 años
2014,CCZ08,"44,96145374","3,030859878","6,7",12 o más años
2015,CCZ08,"4,14144632","0,9620174575","23,2",Menos de 6 años
2015,CCZ08,"18,88499522","2,200790358","11,7",de 6 a 9 años
2015,CCZ08,"24,49187639","1,664630125","6,8",de 10 a 12 años
2015,CCZ08,"52,48168206","2,677806965","5,1",12 o más años
2016,CCZ08,"3,348259719","1,129068162","33,7",Menos de 6 años
2016,CCZ08,"21,79930796","5,05866778","23,2",de 6 a 9 años
2016,CCZ08,"25,17809892","2,331572583","9,3",de 10 a 12 años
2016,CCZ08,"49,6743334","5,712699906","11,5",12 o más años
2017,CCZ08,"2,472762884","0,6778288408","27,4",Menos de 6 años
2017,CCZ08,"19,58624067","2,116236193","10,8",de 6 a 9 años
2017,CCZ08,"25,93340678","1,848739882","7,1",de 10 a 12 años
2017,CCZ08,"52,00758967","3,084885717","5,9",12 o más años
2018,CCZ08,"3,397011819","1,026761833","30,2",Menos de 6 años
2018,CCZ08,"17,10399167","2,199953509","12,9",de 6 a 9 años
2018,CCZ08,"22,7161228","2,042164738",9,de 10 a 12 años
2018,CCZ08,"56,78287371","2,995414133","5,3",12 o más años
2019,CCZ08,"3,099457797","1,154163761","37,2",Menos de 6 años
2019,CCZ08,"12,38973861","1,945709039","15,7",de 6 a 9 años
2019,CCZ08,"25,21647649","2,154919516","8,5",de 10 a 12 años
2019,CCZ08,"59,2943271","3,263204429","5,5",12 o más años
2022,CCZ08,"0,5264616237","0,3989807027","75,8",Menos de 6 años
2022,CCZ08,"15,21197007","3,196025808",21,de 6 a 9 años
2022,CCZ08,"18,16292602","3,071780101","16,9",de 10 a 12 años
2022,CCZ08,"66,09864228","5,329967488","8,1",12 o más años
2009,CCZ09,"18,61652647","0,865062733","4,6",Menos de 6 años
2009,CCZ09,"54,79267689","1,118278869",2,de 6 a 9 años
2009,CCZ09,"18,68381989","0,8627990205","4,6",de 10 a 12 años
2009,CCZ09,"7,906976744","0,6278119897","7,9",12 o más años
2010,CCZ09,"17,00158856","0,9214618359","5,4",Menos de 6 años
2010,CCZ09,"55,42494043","1,199693628","2,2",de 6 a 9 años
2010,CCZ09,"19,47378872","0,9354443007","4,8",de 10 a 12 años
2010,CCZ09,"8,099682288","0,6625879385","8,2",12 o más años
2011,CCZ09,"14,30250482","0,7926051292","5,5",Menos de 6 años
2011,CCZ09,"54,01734104","1,283835004","2,4",de 6 a 9 años
2011,CCZ09,"21,54527938","1,022307406","4,7",de 10 a 12 años
2011,CCZ09,"10,13487476","0,8662919778","8,5",12 o más años
2012,CCZ09,"14,6127418","0,8140840918","5,6",Menos de 6 años
2012,CCZ09,"54,61386213","1,22453721","2,2",de 6 a 9 años
2012,CCZ09,"21,1983718","1,010056407","4,8",de 10 a 12 años
2012,CCZ09,"9,575024274","0,7121599708","7,4",12 o más años
2013,CCZ09,"13,85343872","0,7205692924","5,2",Menos de 6 años
2013,CCZ09,"55,63731099","1,050336329","1,9",de 6 a 9 años
2013,CCZ09,"21,05124188","0,9219718241","4,4",de 10 a 12 años
2013,CCZ09,"9,458008414","0,6993140562","7,4",12 o más años
2014,CCZ09,"13,01026418","0,7367104911","5,7",Menos de 6 años
2014,CCZ09,"56,17701498","1,167130859","2,1",de 6 a 9 años
2014,CCZ09,"21,13747266","1,00745809","4,8",de 10 a 12 años
2014,CCZ09,"9,675248191","0,7060814241","7,3",12 o más años
2015,CCZ09,"12,46005286","0,7832087781","6,3",Menos de 6 años
2015,CCZ09,"54,15018397","1,201399908","2,2",de 6 a 9 años
2015,CCZ09,"22,11473682","0,9763994855","4,4",de 10 a 12 años
2015,CCZ09,"11,27502634","0,7927940312",7,12 o más años
2016,CCZ09,"12,99652847","0,7617885286","5,9",Menos de 6 años
2016,CCZ09,"55,8181454","1,270825443","2,3",de 6 a 9 años
2016,CCZ09,"21,64697243","1,140883972","5,3",de 10 a 12 años
2016,CCZ09,"9,538353695","0,8571464727",9,12 o más años
2017,CCZ09,"11,78411005","0,7515515435","6,4",Menos de 6 años
2017,CCZ09,"52,72494385","1,26370647","2,4",de 6 a 9 años
2017,CCZ09,"22,85233015","1,027085177","4,5",de 10 a 12 años
2017,CCZ09,"12,63861595","0,8735040253","6,9",12 o más años
2018,CCZ09,"9,105247302","0,7663367372","8,4",Menos de 6 años
2018,CCZ09,"55,05148062","1,377147863","2,5",de 6 a 9 años
2018,CCZ09,"24,18082901","1,179825304","4,9",de 10 a 12 años
2018,CCZ09,"11,66244307","0,8427569744","7,2",12 o más años
2019,CCZ09,"9,668725052","0,7203472553","7,5",Menos de 6 años
2019,CCZ09,"53,50550988","1,391608561","2,6",de 6 a 9 años
2019,CCZ09,"23,80505612","1,118732898","4,7",de 10 a 12 años
2019,CCZ09,"13,02070895","1,020622922","7,8",12 o más años
2022,CCZ09,"6,680391995","0,8462109057","12,7",Menos de 6 años
2022,CCZ09,"50,36976036","1,971233954","3,9",de 6 a 9 años
2022,CCZ09,"26,20933871","1,527164158","5,8",de 10 a 12 años
2022,CCZ09,"16,74050894","1,742853129","10,4",12 o más años
2009,CCZ10,"20,74691704","1,553705034","7,5",Menos de 6 años
2009,CCZ10,"60,02662556","1,776389558",3,de 6 a 9 años
2009,CCZ10,"14,11855381","1,370146064","9,7",de 10 a 12 años
2009,CCZ10,"5,107903587","0,8993785495","17,6",12 o más años
2010,CCZ10,"20,92521203","2,036583408","9,7",Menos de 6 años
2010,CCZ10,"59,70701619","2,373232837",4,de 6 a 9 años
2010,CCZ10,"15,03469545","1,462904686","9,7",de 10 a 12 años
2010,CCZ10,"4,33307633","0,8186093679","18,9",12 o más años
2011,CCZ10,"17,94907962","1,800026525",10,Menos de 6 años
2011,CCZ10,"58,636011","2,173703595","3,7",de 6 a 9 años
2011,CCZ10,"17,38486494","1,671761906","9,6",de 10 a 12 años
2011,CCZ10,"6,030044432","1,037343357","17,2",12 o más años
2012,CCZ10,"17,35851819","2,033549356","11,7",Menos de 6 años
2012,CCZ10,"57,61036679","2,31583529",4,de 6 a 9 años
2012,CCZ10,"18,55919174","1,593072009","8,6",de 10 a 12 años
2012,CCZ10,"6,471923274","1,119764128","17,3",12 o más años
2013,CCZ10,"14,96101968","1,615999277","10,8",Menos de 6 años
2013,CCZ10,"55,07981685","2,195245849",4,de 6 a 9 años
2013,CCZ10,"21,54436332","1,611485769","7,5",de 10 a 12 años
2013,CCZ10,"8,414800148","1,227035316","14,6",12 o más años
2014,CCZ10,"14,32055749","1,33600623","9,3",Menos de 6 años
2014,CCZ10,"58,7456446","1,9377279","3,3",de 6 a 9 años
2014,CCZ10,"18,92566783","1,507924234",8,de 10 a 12 años
2014,CCZ10,"8,008130081","1,235079829","15,4",12 o más años
2015,CCZ10,"13,90473902","1,511024631","10,9",Menos de 6 años
2015,CCZ10,"59,63721545","2,420539949","4,1",de 6 a 9 años
2015,CCZ10,"18,16925941","1,748973649","9,6",de 10 a 12 años
2015,CCZ10,"8,288786113","1,206760952","14,6",12 o más años
2016,CCZ10,"12,88766755","1,576811642","12,2",Menos de 6 años
2016,CCZ10,"57,55145533","2,440043179","4,2",de 6 a 9 años
2016,CCZ10,"20,89058381","1,219371741","5,8",de 10 a 12 años
2016,CCZ10,"8,670293309","1,892591445","21,8",12 o más años
2017,CCZ10,"12,60233193","1,155907627","9,2",Menos de 6 años
2017,CCZ10,"58,44083354","2,201282925","3,8",de 6 a 9 años
2017,CCZ10,"21,01215579","1,830850327","8,7",de 10 a 12 años
2017,CCZ10,"7,94467874","1,21025944","15,2",12 o más años
2018,CCZ10,"10,25252525","1,615921449","15,8",Menos de 6 años
2018,CCZ10,"59,78535354","2,63222757","4,4",de 6 a 9 años
2018,CCZ10,"20,56818182","2,380902798","11,6",de 10 a 12 años
2018,CCZ10,"9,393939394","1,436563513","15,3",12 o más años
2019,CCZ10,"11,64858151","1,769904138","15,2",Menos de 6 años
2019,CCZ10,"59,78559289","2,726463228","4,6",de 6 a 9 años
2019,CCZ10,"19,42737613","1,830741622","9,4",de 10 a 12 años
2019,CCZ10,"9,138449471","1,534562809","16,8",12 o más años
2022,CCZ10,"7,564849731","1,271912663","16,8",Menos de 6 años
2022,CCZ10,"61,86721518","2,746539901","4,4",de 6 a 9 años
2022,CCZ10,"23,37256694","2,337960731",10,de 10 a 12 años
2022,CCZ10,"7,195368148","1,434926495","19,9",12 o más años
2009,CCZ11,"15,40338432","0,8867973995","5,8",Menos de 6 años
2009,CCZ11,"50,03727718","1,316336083","2,6",de 6 a 9 años
2009,CCZ11,"20,86844543","1,035381597",5,de 10 a 12 años
2009,CCZ11,"13,69089307","0,9732601968","7,1",12 o más años
2010,CCZ11,"15,84483731","1,10283316",7,Menos de 6 años
2010,CCZ11,"53,2108967","1,523872803","2,9",de 6 a 9 años
2010,CCZ11,"19,22860015","1,090274424","5,7",de 10 a 12 años
2010,CCZ11,"11,71566584","1,023834229","8,7",12 o más años
2011,CCZ11,"13,04288321","0,952287884","7,3",Menos de 6 años
2011,CCZ11,"52,71213504","1,489430029","2,8",de 6 a 9 años
2011,CCZ11,"21,05155109","1,125858767","5,3",de 10 a 12 años
2011,CCZ11,"13,19343066","1,146422443","8,7",12 o más años
2012,CCZ11,"13,16627068","0,9040649145","6,9",Menos de 6 años
2012,CCZ11,"50,5962254","1,31744059","2,6",de 6 a 9 años
2012,CCZ11,"23,27744654","1,08440615","4,7",de 10 a 12 años
2012,CCZ11,"12,96005738","0,9886156206","7,6",12 o más años
2013,CCZ11,"11,07035465","0,8238973762","7,4",Menos de 6 años
2013,CCZ11,"51,55573564","1,505193883","2,9",de 6 a 9 años
2013,CCZ11,"22,43500885","1,103949545","4,9",de 10 a 12 años
2013,CCZ11,"14,93890086","1,192453095",8,12 o más años
2014,CCZ11,"11,52236813","0,7648014162","6,6",Menos de 6 años
2014,CCZ11,"48,49321166","1,507947652","3,1",de 6 a 9 años
2014,CCZ11,"24,59158691","1,163421428","4,7",de 10 a 12 años
2014,CCZ11,"15,3928333","1,086711894","7,1",12 o más años
2015,CCZ11,"9,893816365","0,763797102","7,7",Menos de 6 años
2015,CCZ11,"49,97293358","1,359881763","2,7",de 6 a 9 años
2015,CCZ11,"22,70039559","1,044914437","4,6",de 10 a 12 años
2015,CCZ11,"17,43285447","1,083711848","6,2",12 o más años
2016,CCZ11,"9,464650102","0,7752112119","8,2",Menos de 6 años
2016,CCZ11,"55,05341496","1,952762571","3,5",de 6 a 9 años
2016,CCZ11,"22,87640539","1,207452901","5,3",de 10 a 12 años
2016,CCZ11,"12,60552955","1,252701073","9,9",12 o más años
2017,CCZ11,"8,804775471","0,743297716","8,4",Menos de 6 años
2017,CCZ11,"49,31294455","1,618878335","3,3",de 6 a 9 años
2017,CCZ11,"22,83078474","1,1027353","4,8",de 10 a 12 años
2017,CCZ11,"19,05149524","1,3197721","6,9",12 o más años
2018,CCZ11,"8,403644286","0,7504501567","8,9",Menos de 6 años
2018,CCZ11,"50,8298673","1,571625555","3,1",de 6 a 9 años
2018,CCZ11,"24,55931868","1,253557101","5,1",de 10 a 12 años
2018,CCZ11,"16,20716974","1,137974376",7,12 o más años
2019,CCZ11,"7,009297198","0,7774178281","11,1",Menos de 6 años
2019,CCZ11,"48,44110734","1,62161089","3,3",de 6 a 9 años
2019,CCZ11,"24,58037813","1,179438557","4,8",de 10 a 12 años
2019,CCZ11,"19,96921733","1,174654571","5,9",12 o más años
2022,CCZ11,"5,156200875","0,9052348438","17,6",Menos de 6 años
2022,CCZ11,"54,78320519","3,049484176","5,6",de 6 a 9 años
2022,CCZ11,"22,21682339","2,125489527","9,6",de 10 a 12 años
2022,CCZ11,"17,84377054","2,38873466","13,4",12 o más años
2009,CCZ12,"16,14690193","1,309630003","8,1",Menos de 6 años
2009,CCZ12,"50,71809602","1,974599756","3,9",de 6 a 9 años
2009,CCZ12,"19,8604842","1,490509559","7,5",de 10 a 12 años
2009,CCZ12,"13,27451785","1,300755157","9,8",12 o más años
2010,CCZ12,"13,12103946","1,413130973","10,8",Menos de 6 años
2010,CCZ12,"50,13046488","2,038430156","4,1",de 6 a 9 años
2010,CCZ12,"23,78188402","1,878209917","7,9",de 10 a 12 años
2010,CCZ12,"12,96661164","1,496232588","11,5",12 o más años
2011,CCZ12,"9,758239488","1,222377466","12,5",Menos de 6 años
2011,CCZ12,"48,02665565","2,099039271","4,4",de 6 a 9 años
2011,CCZ12,"25,87560698","1,798242118","6,9",de 10 a 12 años
2011,CCZ12,"16,33949788","1,621928604","9,9",12 o más años
2012,CCZ12,"9,100555521","1,214826089","13,3",Menos de 6 años
2012,CCZ12,"51,00181012","2,205618838","4,3",de 6 a 9 años
2012,CCZ12,"22,06478996","1,618337935","7,3",de 10 a 12 años
2012,CCZ12,"17,83284439","1,930537211","10,8",12 o más años
2013,CCZ12,"10,87381806","1,109444739","10,2",Menos de 6 años
2013,CCZ12,"53,30942289","1,928151957","3,6",de 6 a 9 años
2013,CCZ12,"22,7094881","1,760316409","7,8",de 10 a 12 años
2013,CCZ12,"13,10727095","1,418308919","10,8",12 o más años
2014,CCZ12,"9,652428811","1,117419941","11,6",Menos de 6 años
2014,CCZ12,"46,30967337","2,313745626",5,de 6 a 9 años
2014,CCZ12,"25,52345059","2,038336846",8,de 10 a 12 años
2014,CCZ12,"18,51444724","1,529097433","8,3",12 o más años
2015,CCZ12,"10,77544202","1,191487803","11,1",Menos de 6 años
2015,CCZ12,"48,75400251","2,035692299","4,2",de 6 a 9 años
2015,CCZ12,"25,03132396","1,556216381","6,2",de 10 a 12 años
2015,CCZ12,"15,43923152","1,500031532","9,7",12 o más años
2016,CCZ12,"10,25500411","1,689722554","16,5",Menos de 6 años
2016,CCZ12,"48,4452975","2,889855798",6,de 6 a 9 años
2016,CCZ12,"27,11817933","1,840849321","6,8",de 10 a 12 años
2016,CCZ12,"14,18151906","1,818447836","12,8",12 o más años
2017,CCZ12,"9,004912721","1,282502501","14,2",Menos de 6 años
2017,CCZ12,"50,12543117","2,359782723","4,7",de 6 a 9 años
2017,CCZ12,"23,17340859","1,752581485","7,6",de 10 a 12 años
2017,CCZ12,"17,69624752","2,06204071","11,7",12 o más años
2018,CCZ12,"8,401639344","1,221943908","14,5",Menos de 6 años
2018,CCZ12,"47,59221311","2,374068165",5,de 6 a 9 años
2018,CCZ12,"25,6045082","1,703188695","6,7",de 10 a 12 años
2018,CCZ12,"18,40163934","1,76704857","9,6",12 o más años
2019,CCZ12,"7,759489419","1,158458045","14,9",Menos de 6 años
2019,CCZ12,"44,54148472","2,400060243","5,4",de 6 a 9 años
2019,CCZ12,"29,49277796","2,166640343","7,3",de 10 a 12 años
2019,CCZ12,"18,2062479","1,883585513","10,3",12 o más años
2022,CCZ12,"4,9640727","1,186393599","23,9",Menos de 6 años
2022,CCZ12,"39,24764007","3,17721536","8,1",de 6 a 9 años
2022,CCZ12,"29,71399051","2,231317136","7,5",de 10 a 12 años
2022,CCZ12,"26,07429672","2,703421215","10,4",12 o más años
2009,CCZ13,"13,74324805","1,01353075","7,4",Menos de 6 años
2009,CCZ13,"49,19946955","1,518891873","3,1",de 6 a 9 años
2009,CCZ13,"21,22456901","1,176571313","5,5",de 10 a 12 años
2009,CCZ13,"15,83271339","1,073148315","6,8",12 o más años
2010,CCZ13,"13,4077314","1,085111598","8,1",Menos de 6 años
2010,CCZ13,"45,94455522","1,707584624","3,7",de 6 a 9 años
2010,CCZ13,"24,03679166","1,412856428","5,9",de 10 a 12 años
2010,CCZ13,"16,61092172","1,22207708","7,4",12 o más años
2011,CCZ13,"10,49081803","0,8939593902","8,5",Menos de 6 años
2011,CCZ13,"48,65108514","1,532308214","3,1",de 6 a 9 años
2011,CCZ13,"25,34223706","1,338088283","5,3",de 10 a 12 años
2011,CCZ13,"15,51585977","1,237222497",8,12 o más años
2012,CCZ13,"9,69333117","0,9041860021","9,3",Menos de 6 años
2012,CCZ13,"46,08794418","1,856004701",4,de 6 a 9 años
2012,CCZ13,"27,65211748","1,543860772","5,6",de 10 a 12 años
2012,CCZ13,"16,56660717","1,302290398","7,9",12 o más años
2013,CCZ13,"11,05501177","0,9587372866","8,7",Menos de 6 años
2013,CCZ13,"50,2911659","1,616120385","3,2",de 6 a 9 años
2013,CCZ13,"22,50650477","1,206025129","5,4",de 10 a 12 años
2013,CCZ13,"16,14731756","1,337806976","8,3",12 o más años
2014,CCZ13,"10,28824834","1,002770155","9,7",Menos de 6 años
2014,CCZ13,"45,218034","1,613170437","3,6",de 6 a 9 años
2014,CCZ13,"26,97117517","1,401025677","5,2",de 10 a 12 años
2014,CCZ13,"17,5225425","1,31345105","7,5",12 o más años
2015,CCZ13,"9,444147665","0,8703760521","9,2",Menos de 6 años
2015,CCZ13,"45,73059297","1,591769203","3,5",de 6 a 9 años
2015,CCZ13,"25,26499283","1,331005783","5,3",de 10 a 12 años
2015,CCZ13,"19,56026654","1,384221598","7,1",12 o más años
2016,CCZ13,"6,519068968","1,000998858","15,4",Menos de 6 años
2016,CCZ13,"48,04397224","2,373931704","4,9",de 6 a 9 años
2016,CCZ13,"25,29325063","1,494344987","5,9",de 10 a 12 años
2016,CCZ13,"20,14370816","2,175087566","10,8",12 o más años
2017,CCZ13,"7,554707005","0,9481996937","12,6",Menos de 6 años
2017,CCZ13,"43,52180937","1,810805633","4,2",de 6 a 9 años
2017,CCZ13,"26,38860332","1,422702011","5,4",de 10 a 12 años
2017,CCZ13,"22,53488031","1,668337323","7,4",12 o más años
2018,CCZ13,"8,013556985","0,8333662083","10,4",Menos de 6 años
2018,CCZ13,"43,62649357","2,012948161","4,6",de 6 a 9 años
2018,CCZ13,"26,28676471","1,506945401","5,7",de 10 a 12 años
2018,CCZ13,"22,07318474","1,660373729","7,5",12 o más años
2019,CCZ13,"5,743280009","0,6689715748","11,6",Menos de 6 años
2019,CCZ13,"45,43475895","1,860194517","4,1",de 6 a 9 años
2019,CCZ13,"28,15050604","1,408781511",5,de 10 a 12 años
2019,CCZ13,"20,671455","1,502201085","7,3",12 o más años
2022,CCZ13,"3,8635807","0,8897185339",23,Menos de 6 años
2022,CCZ13,"34,20585354","2,960120151","8,7",de 6 a 9 años
2022,CCZ13,"32,06588293","2,434744108","7,6",de 10 a 12 años
2022,CCZ13,"29,86468283","2,862293775","9,6",12 o más años
2009,CCZ14,"13,92663522","1,097017395","7,9",Menos de 6 años
2009,CCZ14,"49,04949659","1,606801873","3,3",de 6 a 9 años
2009,CCZ14,"22,34387101","1,327867201","5,9",de 10 a 12 años
2009,CCZ14,"14,67999718","1,168964502",8,12 o más años
2010,CCZ14,"15,38696499","1,240539306","8,1",Menos de 6 años
2010,CCZ14,"48,71520751","1,738610259","3,6",de 6 a 9 años
2010,CCZ14,"22,04955901","1,421848534","6,4",de 10 a 12 años
2010,CCZ14,"13,84826849","1,203925141","8,7",12 o más años
2011,CCZ14,"12,02170586","1,121255986","9,3",Menos de 6 años
2011,CCZ14,"51,34965911","1,709597565","3,3",de 6 a 9 años
2011,CCZ14,"21,97022402","1,382596632","6,3",de 10 a 12 años
2011,CCZ14,"14,65841102","1,281876011","8,7",12 o más años
2012,CCZ14,"10,96058655","1,121237925","10,2",Menos de 6 años
2012,CCZ14,"46,78998102","1,767095042","3,8",de 6 a 9 años
2012,CCZ14,"26,00022331","1,371540741","5,3",de 10 a 12 años
2012,CCZ14,"16,24920913","1,391161389","8,6",12 o más años
2013,CCZ14,"9,340205504","0,9309280594",10,Menos de 6 años
2013,CCZ14,"54,96084845","1,65755248",3,de 6 a 9 años
2013,CCZ14,"20,71232696","1,36192663","6,6",de 10 a 12 años
2013,CCZ14,"14,98661909","1,352556692",9,12 o más años
2014,CCZ14,"10,3491113","1,08190633","10,5",Menos de 6 años
2014,CCZ14,"49,16863095","1,551334493","3,2",de 6 a 9 años
2014,CCZ14,"25,82340575","1,309243015","5,1",de 10 a 12 años
2014,CCZ14,"14,65885201","1,290984807","8,8",12 o más años
2015,CCZ14,"10,83167661","1,015929711","9,4",Menos de 6 años
2015,CCZ14,"47,43207422","1,861571532","3,9",de 6 a 9 años
2015,CCZ14,"26,64678595","1,428615583","5,4",de 10 a 12 años
2015,CCZ14,"15,08946322","1,343569717","8,9",12 o más años
2016,CCZ14,"9,750044318","1,20433425","12,4",Menos de 6 años
2016,CCZ14,"47,50930686","2,509225006","5,3",de 6 a 9 años
2016,CCZ14,"27,37694262","1,620526553","5,9",de 10 a 12 años
2016,CCZ14,"15,3637062","1,912281726","12,4",12 o más años
2017,CCZ14,"7,777889819","0,771253423","9,9",Menos de 6 años
2017,CCZ14,"48,54626735","1,914608977","3,9",de 6 a 9 años
2017,CCZ14,"25,69661524","1,447022197","5,6",de 10 a 12 años
2017,CCZ14,"17,97922759","1,492422901","8,3",12 o más años
2018,CCZ14,"6,600491526","0,9055272216","13,7",Menos de 6 años
2018,CCZ14,"50,87293735","1,755807361","3,5",de 6 a 9 años
2018,CCZ14,"23,982637","1,532207608","6,4",de 10 a 12 años
2018,CCZ14,"18,54393412","1,419945555","7,7",12 o más años
2019,CCZ14,"7,21047271","0,7690302793","10,7",Menos de 6 años
2019,CCZ14,"47,68737643","1,831056112","3,8",de 6 a 9 años
2019,CCZ14,"27,91624229","1,585465215","5,7",de 10 a 12 años
2019,CCZ14,"17,18590857","1,448716129","8,4",12 o más años
2022,CCZ14,"4,787746171","1,128611775","23,6",Menos de 6 años
2022,CCZ14,"43,17724289","2,946669016","6,8",de 6 a 9 años
2022,CCZ14,"29,47921225","2,28537165","7,8",de 10 a 12 años
2022,CCZ14,"22,55579869","2,355889202","10,4",12 o más años
2009,CCZ15,"8,49197298","1,325259707","15,6",Menos de 6 años
2009,CCZ15,"34,41529959","2,451367638","7,1",de 6 a 9 años
2009,CCZ15,"25,17764716","2,128528483","8,5",de 10 a 12 años
2009,CCZ15,"31,91508027","2,642480711","8,3",12 o más años
2010,CCZ15,"7,23729993","1,453724503","20,1",Menos de 6 años
2010,CCZ15,"32,10060642","2,545397502","7,9",de 6 a 9 años
2010,CCZ15,"25,78785168","2,320637811",9,de 10 a 12 años
2010,CCZ15,"34,87424197","2,450223242",7,12 o más años
2011,CCZ15,"6,19059851","1,272544796","20,6",Menos de 6 años
2011,CCZ15,"28,65827554","2,597968464","9,1",de 6 a 9 años
2011,CCZ15,"23,84621971","1,860529747","7,8",de 10 a 12 años
2011,CCZ15,"41,30490624","2,717347253","6,6",12 o más años
2012,CCZ15,"7,426890157","1,363671793","18,4",Menos de 6 años
2012,CCZ15,"27,71041369","2,142467517","7,7",de 6 a 9 años
2012,CCZ15,"25,27639087","2,041505279","8,1",de 10 a 12 años
2012,CCZ15,"39,58630528","2,739379935","6,9",12 o más años
2013,CCZ15,"4,029758215","0,9384165076","23,3",Menos de 6 años
2013,CCZ15,"27,67691081","2,084358729","7,5",de 6 a 9 años
2013,CCZ15,"28,73084758","2,227738246","7,8",de 10 a 12 años
2013,CCZ15,"39,56248339","2,728223091","6,9",12 o más años
2014,CCZ15,"3,473641193","0,825076245","23,8",Menos de 6 años
2014,CCZ15,"25,07560278","2,312512803","9,2",de 6 a 9 años
2014,CCZ15,"31,39354311","2,360198975","7,5",de 10 a 12 años
2014,CCZ15,"40,05721291","2,491498837","6,2",12 o más años
2015,CCZ15,"4,623745819","1,130761488","24,5",Menos de 6 años
2015,CCZ15,"29,69063545","2,413921201","8,1",de 6 a 9 años
2015,CCZ15,"24,83277592","2,375997112","9,6",de 10 a 12 años
2015,CCZ15,"40,85284281","2,805795903","6,9",12 o más años
2016,CCZ15,"5,162110617","2,289674302","44,4",Menos de 6 años
2016,CCZ15,"37,87666879","4,970939146","13,1",de 6 a 9 años
2016,CCZ15,"20,17800381","2,955959418","14,6",de 10 a 12 años
2016,CCZ15,"36,78321678","5,430354396","14,8",12 o más años
2017,CCZ15,"4,063782026","1,071374355","26,4",Menos de 6 años
2017,CCZ15,"26,69711278","2,56568032","9,6",de 6 a 9 años
2017,CCZ15,"24,24336249","2,112646608","8,7",de 10 a 12 años
2017,CCZ15,"44,9957427","2,816878017","6,3",12 o más años
2018,CCZ15,"2,745909347","0,8393107392","30,6",Menos de 6 años
2018,CCZ15,"23,11453827","2,580426006","11,2",de 6 a 9 años
2018,CCZ15,"28,70039496","2,712187367","9,5",de 10 a 12 años
2018,CCZ15,"45,43915742","3,4852032","7,7",12 o más años
2019,CCZ15,"3,132183908","0,8984645074","28,7",Menos de 6 años
2019,CCZ15,"20,17241379","2,108228049","10,5",de 6 a 9 años
2019,CCZ15,"25,96743295","2,521328257","9,7",de 10 a 12 años
2019,CCZ15,"50,72796935","2,939105616","5,8",12 o más años
2022,CCZ15,"3,822607138","1,884072586","49,3",Menos de 6 años
2022,CCZ15,"25,96685083","4,307912502","16,6",de 6 a 9 años
2022,CCZ15,"30,77497387","4,556200851","14,8",de 10 a 12 años
2022,CCZ15,"39,43556816","7,457941136","18,9",12 o más años
2009,CCZ16,"8,126501201","1,220149667",15,Menos de 6 años
2009,CCZ16,"26,82145717","1,978593704","7,4",de 6 a 9 años
2009,CCZ16,"28,76301041","1,928870038","6,7",de 10 a 12 años
2009,CCZ16,"36,28903122","2,200311778","6,1",12 o más años
2010,CCZ16,"6,377685639","1,461014361","22,9",Menos de 6 años
2010,CCZ16,"29,00866943","2,168088857","7,5",de 6 a 9 años
2010,CCZ16,"28,14172635","2,299107831","8,2",de 10 a 12 años
2010,CCZ16,"36,47191858","2,169871822","5,9",12 o más años
2011,CCZ16,"4,21827921","0,9771326007","23,2",Menos de 6 años
2011,CCZ16,"26,28054905","2,028782089","7,7",de 6 a 9 años
2011,CCZ16,"27,16437898","2,021096747","7,4",de 10 a 12 años
2011,CCZ16,"42,33679277","2,479813388","5,9",12 o más años
2012,CCZ16,"4,625105856","0,8892497325","19,2",Menos de 6 años
2012,CCZ16,"18,50693766","1,764283362","9,5",de 6 a 9 años
2012,CCZ16,"33,11184939","2,118603158","6,4",de 10 a 12 años
2012,CCZ16,"43,75610709","2,640287658",6,12 o más años
2013,CCZ16,"6,94521306","1,122059624","16,2",Menos de 6 años
2013,CCZ16,"24,28749308","2,264992739","9,3",de 6 a 9 años
2013,CCZ16,"27,40730493","2,00162401","7,3",de 10 a 12 años
2013,CCZ16,"41,35998893","2,909409935",7,12 o más años
2014,CCZ16,"4,896566135","0,9242072503","18,9",Menos de 6 años
2014,CCZ16,"21,06289615","1,989871554","9,4",de 6 a 9 años
2014,CCZ16,"26,3634464","2,188802348","8,3",de 10 a 12 años
2014,CCZ16,"47,67709131","2,955818093","6,2",12 o más años
2015,CCZ16,"4,605442177","0,9066813304","19,7",Menos de 6 años
2015,CCZ16,"26,10204082","2,240416759","8,6",de 6 a 9 años
2015,CCZ16,"22,93197279","1,977794084","8,6",de 10 a 12 años
2015,CCZ16,"46,36054422","2,75846925",6,12 o más años
2016,CCZ16,"4,904812943","1,100022594","22,4",Menos de 6 años
2016,CCZ16,"18,48619405","3,091213248","16,7",de 6 a 9 años
2016,CCZ16,"29,74021334","1,888975575","6,4",de 10 a 12 años
2016,CCZ16,"46,86877967","4,091417173","8,7",12 o más años
2017,CCZ16,"2,527392257","0,6510949542","25,8",Menos de 6 años
2017,CCZ16,"21,94302411","1,964074447",9,de 6 a 9 años
2017,CCZ16,"22,12563915","2,022249749","9,1",de 10 a 12 años
2017,CCZ16,"53,40394449","2,705178805","5,1",12 o más años
2018,CCZ16,"3,118517989","0,8904649054","28,6",Menos de 6 años
2018,CCZ16,"20,55646949","2,184748753","10,6",de 6 a 9 años
2018,CCZ16,"31,57141835","2,039806827","6,5",de 10 a 12 años
2018,CCZ16,"44,75359416","2,682015936",6,12 o más años
2019,CCZ16,"2,113902014","0,7209170641","34,1",Menos de 6 años
2019,CCZ16,"21,31310619","2,129011733",10,de 6 a 9 años
2019,CCZ16,"27,49937826","2,123216265","7,7",de 10 a 12 años
2019,CCZ16,"49,07361353","2,807313751","5,7",12 o más años
2022,CCZ16,"1,713236794","0,8296307786","48,4",Menos de 6 años
2022,CCZ16,"17,17315929","3,06707859","17,9",de 6 a 9 años
2022,CCZ16,"24,31164593","3,980790299","16,4",de 10 a 12 años
2022,CCZ16,"56,80195798","4,978388299","8,8",12 o más años
2009,CCZ17,"17,92137816","1,220666716","6,8",Menos de 6 años
2009,CCZ17,"59,73286788","1,641630524","2,7",de 6 a 9 años
2009,CCZ17,"15,83440844","1,148077738","7,3",de 10 a 12 años
2009,CCZ17,"6,511345526","0,8137262119","12,5",12 o más años
2010,CCZ17,"15,99652421","1,373016275","8,6",Menos de 6 años
2010,CCZ17,"56,71854017","1,749046411","3,1",de 6 a 9 años
2010,CCZ17,"18,31898254","1,436928654","7,8",de 10 a 12 años
2010,CCZ17,"8,965953077","1,036555076","11,6",12 o más años
2011,CCZ17,"14,17757198","1,158696038","8,2",Menos de 6 años
2011,CCZ17,"55,98147775","2,017403026","3,6",de 6 a 9 años
2011,CCZ17,"19,60539561","1,459923842","7,4",de 10 a 12 años
2011,CCZ17,"10,23555466","1,153966345","11,3",12 o más años
2012,CCZ17,"14,92549239","1,107945282","7,4",Menos de 6 años
2012,CCZ17,"57,96012944","1,705046425","2,9",de 6 a 9 años
2012,CCZ17,"18,23738564","1,326483185","7,3",de 10 a 12 años
2012,CCZ17,"8,876992529","1,074118727","12,1",12 o más años
2013,CCZ17,"13,45440133","1,116623812","8,3",Menos de 6 años
2013,CCZ17,"58,95939178","1,726640471","2,9",de 6 a 9 años
2013,CCZ17,"18,96011242","1,312822961","6,9",de 10 a 12 años
2013,CCZ17,"8,626094476","0,9839505886","11,4",12 o más años
2014,CCZ17,"9,964476659","0,9857954422","9,9",Menos de 6 años
2014,CCZ17,"60,29997488","1,817970348",3,de 6 a 9 años
2014,CCZ17,"20,90853637","1,412841509","6,8",de 10 a 12 años
2014,CCZ17,"8,827012092","1,087913067","12,3",12 o más años
2015,CCZ17,"11,14057365","1,130848342","10,2",Menos de 6 años
2015,CCZ17,"60,67000299","1,879445628","3,1",de 6 a 9 años
2015,CCZ17,"19,27472363","1,501317538","7,8",de 10 a 12 años
2015,CCZ17,"8,914699731","1,01539072","11,4",12 o más años
2016,CCZ17,"11,60472804","1,517821129","13,1",Menos de 6 años
2016,CCZ17,"60,26244616","2,333464347","3,9",de 6 a 9 años
2016,CCZ17,"20,00901533","1,994620193",10,de 10 a 12 años
2016,CCZ17,"8,123810478","1,88979859","23,3",12 o más años
2017,CCZ17,"11,37141353","1,123737162","9,9",Menos de 6 años
2017,CCZ17,"54,37897191","1,908253467","3,5",de 6 a 9 años
2017,CCZ17,"24,60421916","1,763081406","7,2",de 10 a 12 años
2017,CCZ17,"9,645395405","1,220543441","12,7",12 o más años
2018,CCZ17,"7,210102461","0,9936253038","13,8",Menos de 6 años
2018,CCZ17,"59,09108095","2,015272104","3,4",de 6 a 9 años
2018,CCZ17,"22,78347007","1,545522381","6,8",de 10 a 12 años
2018,CCZ17,"10,91534652","1,378737738","12,6",12 o más años
2019,CCZ17,"9,103500814","0,9924042205","10,9",Menos de 6 años
2019,CCZ17,"58,15644586","1,993072679","3,4",de 6 a 9 años
2019,CCZ17,"19,54015028","1,5740749","8,1",de 10 a 12 años
2019,CCZ17,"13,19990304","1,473071222","11,2",12 o más años
2022,CCZ17,"7,786761499","1,356566146","17,4",Menos de 6 años
2022,CCZ17,"60,46230751","3,096279979","5,1",de 6 a 9 años
2022,CCZ17,"21,5654041","2,133180565","9,9",de 10 a 12 años
2022,CCZ17,"10,18552689","1,92375128","18,9",12 o más años
2009,CCZ18,"18,11600928","1,757065333","9,7",Menos de 6 años
2009,CCZ18,"57,37354988","2,512339999","4,4",de 6 a 9 años
2009,CCZ18,"17,51276102","2,000703538","11,4",de 10 a 12 años
2009,CCZ18,"6,997679814","1,09703395","15,7",12 o más años
2010,CCZ18,"19,80063048","1,661800273","8,4",Menos de 6 años
2010,CCZ18,"56,5135895","2,057340886","3,6",de 6 a 9 años
2010,CCZ18,"16,00068161","1,703949172","10,6",de 10 a 12 años
2010,CCZ18,"7,685098407","1,195962504","15,6",12 o más años
2011,CCZ18,"14,73063311","1,640186895","11,1",Menos de 6 años
2011,CCZ18,"58,98545026","2,672222273","4,5",de 6 a 9 años
2011,CCZ18,"17,97876524","1,89025396","10,5",de 10 a 12 años
2011,CCZ18,"8,305151396","1,622420422","19,5",12 o más años
2012,CCZ18,"16,62817552","1,978143024","11,9",Menos de 6 años
2012,CCZ18,"56,35103926","2,546778706","4,5",de 6 a 9 años
2012,CCZ18,"21,16397229","1,965945365","9,3",de 10 a 12 años
2012,CCZ18,"5,856812933","1,264207682","21,6",12 o más años
2013,CCZ18,"14,62506516","1,612880646",11,Menos de 6 años
2013,CCZ18,"59,17045201","2,161565232","3,7",de 6 a 9 años
2013,CCZ18,"17,38029637","1,707791174","9,8",de 10 a 12 años
2013,CCZ18,"8,824186462","1,636880892","18,5",12 o más años
2014,CCZ18,"12,32700813","1,509898292","12,2",Menos de 6 años
2014,CCZ18,"55,01498074","2,251408719","4,1",de 6 a 9 años
2014,CCZ18,"21,53659581","1,720153707",8,de 10 a 12 años
2014,CCZ18,"11,12141532","1,438852589","12,9",12 o más años
2015,CCZ18,"13,15226216","1,477635276","11,2",Menos de 6 años
2015,CCZ18,"56,67576943","2,441659712","4,3",de 6 a 9 años
2015,CCZ18,"21,64735405","1,899238859","8,8",de 10 a 12 años
2015,CCZ18,"8,524614363","1,435416621","16,8",12 o más años
2016,CCZ18,"12,48563549","1,252799834",10,Menos de 6 años
2016,CCZ18,"57,15352792","2,145893042","3,8",de 6 a 9 años
2016,CCZ18,"22,724661","1,808654419",8,de 10 a 12 años
2016,CCZ18,"7,636175592","1,41917104","18,6",12 o más años
2017,CCZ18,"14,86572214","1,448655293","9,7",Menos de 6 años
2017,CCZ18,"56,58701628","2,549937813","4,5",de 6 a 9 años
2017,CCZ18,"21,79460069","2,018978328","9,3",de 10 a 12 años
2017,CCZ18,"6,752660887","1,208074935","17,9",12 o más años
2018,CCZ18,"16,09681137","1,667072631","10,4",Menos de 6 años
2018,CCZ18,"54,58317326","2,6799662","4,9",de 6 a 9 años
2018,CCZ18,"19,55436035","1,913104112","9,8",de 10 a 12 años
2018,CCZ18,"9,765655013","1,729009461","17,7",12 o más años
2019,CCZ18,"12,8743086","1,958615734","15,2",Menos de 6 años
2019,CCZ18,"59,48884227","3,061977945","5,1",de 6 a 9 años
2019,CCZ18,"19,8455083","2,482550037","12,5",de 10 a 12 años
2019,CCZ18,"7,791340835","1,857341446","23,8",12 o más años
2022,CCZ18,"7,840091563","1,393013682","17,8",Menos de 6 años
2022,CCZ18,"52,04381949","3,711330139","7,1",de 6 a 9 años
2022,CCZ18,"23,7001308","3,056715424","12,9",de 10 a 12 años
2022,CCZ18,"16,41595814","3,347129028","20,4",12 o más años
2023,CCZ01,"0,7911392405","0,4006667428","50,6",Menos de 6 años
2023,CCZ02,"1,611904954","0,5437042884","33,7",Menos de 6 años
2023,CCZ03,"1,807228916","0,5648528598","31,3",Menos de 6 años
2023,CCZ04,"0,2616602342","0,2697104619","103,1",Menos de 6 años
2023,CCZ05,"0,2656906098","0,1977551525","74,4",Menos de 6 años
2023,CCZ06,"4,610862776","1,543438777","33,5",Menos de 6 años
2023,CCZ07,"1,491395793","0,5962552747",40,Menos de 6 años
2023,CCZ08,"1,776637221","1,239090247","69,7",Menos de 6 años
2023,CCZ09,"6,806396477","0,8464129975","12,4",Menos de 6 años
2023,CCZ10,"8,274531702","1,487972062",18,Menos de 6 años
2023,CCZ11,"6,739782527","1,062257337","15,8",Menos de 6 años
2023,CCZ12,"8,331940964","1,48209976","17,8",Menos de 6 años
2023,CCZ13,"6,529019402","1,066842994","16,3",Menos de 6 años
2023,CCZ14,"5,36290162","1,135022945","21,2",Menos de 6 años
2023,CCZ15,"1,778781676","0,7435976537","41,8",Menos de 6 años
2023,CCZ16,"1,637805132","0,7491379958","45,7",Menos de 6 años
2023,CCZ17,"5,50719359","1,027932343","18,7",Menos de 6 años
2023,CCZ18,"10,37665625","1,988368513","19,2",Menos de 6 años
2023,CCZ01,"10,06243585","1,714267124",17,de 6 a 9 años
2023,CCZ02,"9,870563225","1,637359632","16,6",de 6 a 9 años
2023,CCZ03,"15,76150757","1,630600171","10,3",de 6 a 9 años
2023,CCZ04,"10,02158697","1,829172338","18,3",de 6 a 9 años
2023,CCZ05,"6,016127234","0,7911154612","13,1",de 6 a 9 años
2023,CCZ06,"27,19980405","3,024891532","11,1",de 6 a 9 años
2023,CCZ07,"6,877902213","1,207794257","17,6",de 6 a 9 años
2023,CCZ08,"14,1193308","3,768730902","26,7",de 6 a 9 años
2023,CCZ09,"49,43074828","1,636849677","3,3",de 6 a 9 años
2023,CCZ10,"57,40900553","2,834764148","4,9",de 6 a 9 años
2023,CCZ11,"43,58830146","2,352979325","5,4",de 6 a 9 años
2023,CCZ12,"43,98217767","3,741312298","8,5",de 6 a 9 años
2023,CCZ13,"38,29398577","2,544794634","6,6",de 6 a 9 años
2023,CCZ14,"42,2184178","3,424797763","8,1",de 6 a 9 años
2023,CCZ15,"18,38780264","3,32828365","18,1",de 6 a 9 años
2023,CCZ16,"15,83559357","2,173100441","13,7",de 6 a 9 años
2023,CCZ17,"55,18849026","3,238309016","5,9",de 6 a 9 años
2023,CCZ18,"56,07414024","3,930421194",7,de 6 a 9 años
2023,CCZ01,"26,32141635","1,900025401","7,2",de 10 a 12 años
2023,CCZ02,"19,35362342","1,551943834",8,de 10 a 12 años
2023,CCZ03,"27,79116466","2,060378739","7,4",de 10 a 12 años
2023,CCZ04,"16,14443645","2,231676968","13,8",de 10 a 12 años
2023,CCZ05,"19,1538776","1,294181783","6,8",de 10 a 12 años
2023,CCZ06,"26,09760578","2,478648557","9,5",de 10 a 12 años
2023,CCZ07,"23,21223709","2,518815503","10,9",de 10 a 12 años
2023,CCZ08,"20,05132508","2,306167188","11,5",de 10 a 12 años
2023,CCZ09,"28,52197341","1,417330604",5,de 10 a 12 años
2023,CCZ10,"22,67627798","2,049540318",9,de 10 a 12 años
2023,CCZ11,"28,12148481","1,658149104","5,9",de 10 a 12 años
2023,CCZ12,"30,10860485","2,826391944","9,4",de 10 a 12 años
2023,CCZ13,"33,59718801","2,168699237","6,5",de 10 a 12 años
2023,CCZ14,"25,79129673","2,955984487","11,5",de 10 a 12 años
2023,CCZ15,"27,98051811","2,95949388","10,6",de 10 a 12 años
2023,CCZ16,"29,51700396","2,355245794",8,de 10 a 12 años
2023,CCZ17,"25,32871972","2,241373407","8,8",de 10 a 12 años
2023,CCZ18,"23,62661903","3,372514698","14,3",de 10 a 12 años
2023,CCZ01,"62,82500855","2,563008547","4,1",12 o más años
2023,CCZ02,"69,1639084","2,490332031","3,6",12 o más años
2023,CCZ03,"54,64009886","2,42577191","4,4",12 o más años
2023,CCZ04,"73,57231635","2,570658568","3,5",12 o más años
2023,CCZ05,"74,56430456","1,611127268","2,2",12 o más años
2023,CCZ06,"42,09172739","3,799245072",9,12 o más años
2023,CCZ07,"68,4184649","2,590010282","3,8",12 o más años
2023,CCZ08,"64,0527069","5,050541323","7,9",12 o más años
2023,CCZ09,"15,24088183","1,175309295","7,7",12 o más años
2023,CCZ10,"11,64018478","1,683604751","14,5",12 o más años
2023,CCZ11,"21,5504312","2,024647538","9,4",12 o más años
2023,CCZ12,"17,57727652","2,808672308",16,12 o más años
2023,CCZ13,"21,57980681","1,879926419","8,7",12 o más años
2023,CCZ14,"26,62738384","3,308158763","12,4",12 o más años
2023,CCZ15,"51,85289758","4,52704124","8,7",12 o más años
2023,CCZ16,"53,00959733","2,713048157","5,1",12 o más años
2023,CCZ17,"13,97559643","2,110576548","15,1",12 o más años
2023,CCZ18,"9,922584487","2,366237765","23,8",12 o más años
2024,CCZ01,"0,3137163772","0,3406005961","108,6",Menos de 6 años
2024,CCZ02,"0,6054827175","0,2324281844","38,4",Menos de 6 años
2024,CCZ03,"1,967649134","0,5004818729","25,4",Menos de 6 años
2024,CCZ04,"0,4369056798","0,3397800764","77,8",Menos de 6 años
2024,CCZ05,"0,5380988374","0,211588491","39,3",Menos de 6 años
2024,CCZ06,"3,763721903","0,9651847821","25,6",Menos de 6 años
2024,CCZ07,"1,072686519","0,4820090699","44,9",Menos de 6 años
2024,CCZ08,"1,380614657","0,6114438017","44,3",Menos de 6 años
2024,CCZ09,"5,468892261","0,8223080411",15,Menos de 6 años
2024,CCZ10,"4,295975064","1,511630833","35,2",Menos de 6 años
2024,CCZ11,"5,701141518","0,9982481867","17,5",Menos de 6 años
2024,CCZ12,"3,372367466","1,003605634","29,8",Menos de 6 años
2024,CCZ13,"3,055499612","0,7333307031",24,Menos de 6 años
2024,CCZ14,"4,296306808","1,039136614","24,2",Menos de 6 años
2024,CCZ15,"2,136999917","1,084484092","50,7",Menos de 6 años
2024,CCZ16,"0,9048991354","0,54305257",60,Menos de 6 años
2024,CCZ17,"6,687815053","1,489073616","22,3",Menos de 6 años
2024,CCZ18,"7,787885511","1,649683186","21,2",Menos de 6 años
2024,CCZ01,"10,84645326","1,968611561","18,1",de 6 a 9 años
2024,CCZ02,"8,52920143","1,102699559","12,9",de 6 a 9 años
2024,CCZ03,"16,12386691","1,838368715","11,4",de 6 a 9 años
2024,CCZ04,"11,75147777","2,462304207",21,de 6 a 9 años
2024,CCZ05,"5,899290933","0,7243712589","12,3",de 6 a 9 años
2024,CCZ06,"28,04733165","2,790254743","9,9",de 6 a 9 años
2024,CCZ07,"13,12306543","2,160069621","16,5",de 6 a 9 años
2024,CCZ08,"20,85106383","2,991007552","14,3",de 6 a 9 años
2024,CCZ09,"49,03186646","2,070376367","4,2",de 6 a 9 años
2024,CCZ10,"52,24962732","2,986568525","5,7",de 6 a 9 años
2024,CCZ11,"48,52419546","2,401208999","4,9",de 6 a 9 años
2024,CCZ12,"39,47893972","3,265147872","8,3",de 6 a 9 años
2024,CCZ13,"41,48516846","2,55105928","6,1",de 6 a 9 años
2024,CCZ14,"41,79586334","2,854060389","6,8",de 6 a 9 años
2024,CCZ15,"16,80609625","3,441544212","20,5",de 6 a 9 años
2024,CCZ16,"11,86167147","2,835177303","23,9",de 6 a 9 años
2024,CCZ17,"51,48618112","3,766794881","7,3",de 6 a 9 años
2024,CCZ18,"61,54870202","4,188663355","6,8",de 6 a 9 años
2024,CCZ01,"22,55272178","2,230352739","9,9",de 10 a 12 años
2024,CCZ02,"18,4386174","1,558222405","8,5",de 10 a 12 años
2024,CCZ03,"27,23497802","1,788633885","6,6",de 10 a 12 años
2024,CCZ04,"22,96324852","2,94268956","12,8",de 10 a 12 años
2024,CCZ05,"16,00439117","1,164655878","7,3",de 10 a 12 años
2024,CCZ06,"30,77983177","2,048290086","6,7",de 10 a 12 años
2024,CCZ07,"22,36631444","2,55804712","11,4",de 10 a 12 años
2024,CCZ08,"30,83687943","3,250317925","10,5",de 10 a 12 años
2024,CCZ09,"28,86646434","1,56186701","5,4",de 10 a 12 años
2024,CCZ10,"27,00907982","3,132465754","11,6",de 10 a 12 años
2024,CCZ11,"25,21013823","1,787000129","7,1",de 10 a 12 años
2024,CCZ12,"35,6436093","3,163625417","8,9",de 10 a 12 años
2024,CCZ13,"31,71447478","2,044272057","6,4",de 10 a 12 años
2024,CCZ14,"32,11409515","2,515773806","7,8",de 10 a 12 años
2024,CCZ15,"28,27797565","3,904685832","13,8",de 10 a 12 años
2024,CCZ16,"24,01152738","2,793492111","11,6",de 10 a 12 años
2024,CCZ17,"25,02172779","2,510540021",10,de 10 a 12 años
2024,CCZ18,"19,55846461","3,24769701","16,6",de 10 a 12 años
2024,CCZ01,"66,28710858","2,582773451","3,9",12 o más años
2024,CCZ02,"72,42669845","2,018591918","2,8",12 o más años
2024,CCZ03,"54,67350594","2,544219094","4,7",12 o más años
2024,CCZ04,"64,84836803","3,477958425","5,4",12 o más años
2024,CCZ05,"77,55821905","1,340596562","1,7",12 o más años
2024,CCZ06,"37,40911467","3,184825893","8,5",12 o más años
2024,CCZ07,"63,43793361","3,400030083","5,4",12 o más años
2024,CCZ08,"46,93144208","4,741180059","10,1",12 o más años
2024,CCZ09,"16,63277693","1,504044706",9,12 o más años
2024,CCZ10,"16,44531779","2,485575742","15,1",12 o más años
2024,CCZ11,"20,5645248","2,117243333","10,3",12 o más años
2024,CCZ12,"21,50508351","2,993930262","13,9",12 o más años
2024,CCZ13,"23,74485715","2,175711394","9,2",12 o más años
2024,CCZ14,"21,7937347","2,538287479","11,6",12 o más años
2024,CCZ15,"52,77892819","5,351982343","10,1",12 o más años
2024,CCZ16,"63,22190202","4,110778244","6,5",12 o más años
2024,CCZ17,"16,80427603","2,677894487","15,9",12 o más años
2024,CCZ18,"11,10494786","1,860134332","16,8",12 o más años